category,message
Spam messages,Spam messages: Notification #1 - Don’t miss this!
Spam messages,Spam messages: Notification #2 - Limited time!
Spam messages,Spam messages: Notification #3 - Check this out!
Spam messages,Spam messages: Notification #4 - Don’t miss this!
Spam messages,Spam messages: Notification #5 - Action needed!
Spam messages,Spam messages: Notification #6 - FYI.
Spam messages,Spam messages: Notification #7 - Limited time!
Spam messages,Spam messages: Notification #8 - Check this out!
Spam messages,Spam messages: Notification #9 - FYI.
Spam messages,Spam messages: Notification #10 - FYI.
Spam messages,Spam messages: Notification #11 - Check this out!
Spam messages,Spam messages: Notification #12 - FYI.
Spam messages,Spam messages: Notification #13 - Check this out!
Spam messages,Spam messages: Notification #14 - Limited time!
Spam messages,Spam messages: Notification #15 - Action needed!
Spam messages,Spam messages: Notification #16 - FYI.
Spam messages,Spam messages: Notification #17 - Don’t miss this!
Spam messages,Spam messages: Notification #18 - Action needed!
Spam messages,Spam messages: Notification #19 - Limited time!
Spam messages,Spam messages: Notification #20 - Check this out!
Spam messages,Spam messages: Notification #21 - Limited time!
Spam messages,Spam messages: Notification #22 - Action needed!
Spam messages,Spam messages: Notification #23 - Action needed!
Spam messages,Spam messages: Notification #24 - Action needed!
Spam messages,Spam messages: Notification #25 - Limited time!
Spam messages,Spam messages: Notification #26 - Check this out!
Spam messages,Spam messages: Notification #27 - Action needed!
Spam messages,Spam messages: Notification #28 - Action needed!
Spam messages,Spam messages: Notification #29 - Check this out!
Spam messages,Spam messages: Notification #30 - FYI.
Spam messages,Spam messages: Notification #31 - Limited time!
Spam messages,Spam messages: Notification #32 - Don’t miss this!
Spam messages,Spam messages: Notification #33 - Check this out!
Spam messages,Spam messages: Notification #34 - Don’t miss this!
Spam messages,Spam messages: Notification #35 - Limited time!
Spam messages,Spam messages: Notification #36 - Limited time!
Spam messages,Spam messages: Notification #37 - Limited time!
Spam messages,Spam messages: Notification #38 - Action needed!
Spam messages,Spam messages: Notification #39 - Don’t miss this!
Spam messages,Spam messages: Notification #40 - FYI.
Spam messages,Spam messages: Notification #41 - Don’t miss this!
Spam messages,Spam messages: Notification #42 - Don’t miss this!
Spam messages,Spam messages: Notification #43 - Don’t miss this!
Spam messages,Spam messages: Notification #44 - FYI.
Spam messages,Spam messages: Notification #45 - FYI.
Spam messages,Spam messages: Notification #46 - Limited time!
Spam messages,Spam messages: Notification #47 - Action needed!
Spam messages,Spam messages: Notification #48 - FYI.
Spam messages,Spam messages: Notification #49 - FYI.
Spam messages,Spam messages: Notification #50 - Don’t miss this!
Spam messages,Spam messages: Notification #51 - Check this out!
Spam messages,Spam messages: Notification #52 - Don’t miss this!
Spam messages,Spam messages: Notification #53 - Check this out!
Spam messages,Spam messages: Notification #54 - Limited time!
Spam messages,Spam messages: Notification #55 - Limited time!
Spam messages,Spam messages: Notification #56 - Limited time!
Spam messages,Spam messages: Notification #57 - Check this out!
Spam messages,Spam messages: Notification #58 - Check this out!
Spam messages,Spam messages: Notification #59 - Action needed!
Spam messages,Spam messages: Notification #60 - FYI.
Spam messages,Spam messages: Notification #61 - Don’t miss this!
Spam messages,Spam messages: Notification #62 - Limited time!
Spam messages,Spam messages: Notification #63 - Check this out!
Spam messages,Spam messages: Notification #64 - Limited time!
Spam messages,Spam messages: Notification #65 - Check this out!
Spam messages,Spam messages: Notification #66 - Limited time!
Spam messages,Spam messages: Notification #67 - Don’t miss this!
Spam messages,Spam messages: Notification #68 - Limited time!
Spam messages,Spam messages: Notification #69 - Check this out!
Spam messages,Spam messages: Notification #70 - FYI.
Spam messages,Spam messages: Notification #71 - FYI.
Spam messages,Spam messages: Notification #72 - Action needed!
Spam messages,Spam messages: Notification #73 - FYI.
Spam messages,Spam messages: Notification #74 - Don’t miss this!
Spam messages,Spam messages: Notification #75 - Don’t miss this!
Spam messages,Spam messages: Notification #76 - Limited time!
Spam messages,Spam messages: Notification #77 - Limited time!
Spam messages,Spam messages: Notification #78 - Action needed!
Spam messages,Spam messages: Notification #79 - FYI.
Spam messages,Spam messages: Notification #80 - Limited time!
Spam messages,Spam messages: Notification #81 - Limited time!
Spam messages,Spam messages: Notification #82 - Don’t miss this!
Spam messages,Spam messages: Notification #83 - Don’t miss this!
Spam messages,Spam messages: Notification #84 - Check this out!
Spam messages,Spam messages: Notification #85 - Check this out!
Spam messages,Spam messages: Notification #86 - Check this out!
Spam messages,Spam messages: Notification #87 - FYI.
Spam messages,Spam messages: Notification #88 - FYI.
Spam messages,Spam messages: Notification #89 - Action needed!
Spam messages,Spam messages: Notification #90 - Check this out!
Spam messages,Spam messages: Notification #91 - Action needed!
Spam messages,Spam messages: Notification #92 - Limited time!
Spam messages,Spam messages: Notification #93 - FYI.
Spam messages,Spam messages: Notification #94 - Don’t miss this!
Spam messages,Spam messages: Notification #95 - FYI.
Spam messages,Spam messages: Notification #96 - Action needed!
Spam messages,Spam messages: Notification #97 - FYI.
Spam messages,Spam messages: Notification #98 - FYI.
Spam messages,Spam messages: Notification #99 - Check this out!
Spam messages,Spam messages: Notification #100 - Check this out!
Spam messages,Spam messages: Notification #101 - Don’t miss this!
Spam messages,Spam messages: Notification #102 - Check this out!
Spam messages,Spam messages: Notification #103 - Action needed!
Spam messages,Spam messages: Notification #104 - Action needed!
Spam messages,Spam messages: Notification #105 - Limited time!
Spam messages,Spam messages: Notification #106 - Action needed!
Spam messages,Spam messages: Notification #107 - Don’t miss this!
Spam messages,Spam messages: Notification #108 - Don’t miss this!
Spam messages,Spam messages: Notification #109 - Check this out!
Spam messages,Spam messages: Notification #110 - Don’t miss this!
Spam messages,Spam messages: Notification #111 - Don’t miss this!
Spam messages,Spam messages: Notification #112 - FYI.
Spam messages,Spam messages: Notification #113 - Check this out!
Spam messages,Spam messages: Notification #114 - Action needed!
Spam messages,Spam messages: Notification #115 - Limited time!
Spam messages,Spam messages: Notification #116 - Action needed!
Spam messages,Spam messages: Notification #117 - FYI.
Spam messages,Spam messages: Notification #118 - Check this out!
Spam messages,Spam messages: Notification #119 - Limited time!
Spam messages,Spam messages: Notification #120 - Check this out!
Spam messages,Spam messages: Notification #121 - Check this out!
Spam messages,Spam messages: Notification #122 - Action needed!
Spam messages,Spam messages: Notification #123 - Limited time!
Spam messages,Spam messages: Notification #124 - Don’t miss this!
Spam messages,Spam messages: Notification #125 - Action needed!
Spam messages,Spam messages: Notification #126 - Don’t miss this!
Spam messages,Spam messages: Notification #127 - Check this out!
Spam messages,Spam messages: Notification #128 - Check this out!
Spam messages,Spam messages: Notification #129 - Don’t miss this!
Spam messages,Spam messages: Notification #130 - FYI.
Spam messages,Spam messages: Notification #131 - FYI.
Spam messages,Spam messages: Notification #132 - Check this out!
Spam messages,Spam messages: Notification #133 - Limited time!
Spam messages,Spam messages: Notification #134 - Limited time!
Spam messages,Spam messages: Notification #135 - Action needed!
Spam messages,Spam messages: Notification #136 - Check this out!
Spam messages,Spam messages: Notification #137 - FYI.
Spam messages,Spam messages: Notification #138 - FYI.
Spam messages,Spam messages: Notification #139 - Check this out!
Spam messages,Spam messages: Notification #140 - Don’t miss this!
Spam messages,Spam messages: Notification #141 - Action needed!
Spam messages,Spam messages: Notification #142 - Action needed!
Spam messages,Spam messages: Notification #143 - FYI.
Spam messages,Spam messages: Notification #144 - Action needed!
Spam messages,Spam messages: Notification #145 - Action needed!
Spam messages,Spam messages: Notification #146 - FYI.
Spam messages,Spam messages: Notification #147 - Action needed!
Spam messages,Spam messages: Notification #148 - FYI.
Spam messages,Spam messages: Notification #149 - Action needed!
Spam messages,Spam messages: Notification #150 - Check this out!
Spam messages,Spam messages: Notification #151 - Check this out!
Spam messages,Spam messages: Notification #152 - Limited time!
Spam messages,Spam messages: Notification #153 - Limited time!
Spam messages,Spam messages: Notification #154 - Check this out!
Spam messages,Spam messages: Notification #155 - FYI.
Spam messages,Spam messages: Notification #156 - FYI.
Spam messages,Spam messages: Notification #157 - Check this out!
Spam messages,Spam messages: Notification #158 - Limited time!
Spam messages,Spam messages: Notification #159 - Action needed!
Spam messages,Spam messages: Notification #160 - Limited time!
Spam messages,Spam messages: Notification #161 - Action needed!
Spam messages,Spam messages: Notification #162 - Don’t miss this!
Spam messages,Spam messages: Notification #163 - FYI.
Spam messages,Spam messages: Notification #164 - Check this out!
Spam messages,Spam messages: Notification #165 - Limited time!
Spam messages,Spam messages: Notification #166 - Limited time!
Spam messages,Spam messages: Notification #167 - Don’t miss this!
Spam messages,Spam messages: Notification #168 - Action needed!
Spam messages,Spam messages: Notification #169 - Limited time!
Spam messages,Spam messages: Notification #170 - Action needed!
Spam messages,Spam messages: Notification #171 - Check this out!
Spam messages,Spam messages: Notification #172 - Action needed!
Spam messages,Spam messages: Notification #173 - Check this out!
Spam messages,Spam messages: Notification #174 - FYI.
Spam messages,Spam messages: Notification #175 - Don’t miss this!
Spam messages,Spam messages: Notification #176 - Limited time!
Spam messages,Spam messages: Notification #177 - Don’t miss this!
Spam messages,Spam messages: Notification #178 - Check this out!
Spam messages,Spam messages: Notification #179 - Limited time!
Spam messages,Spam messages: Notification #180 - Action needed!
Spam messages,Spam messages: Notification #181 - Don’t miss this!
Spam messages,Spam messages: Notification #182 - Action needed!
Spam messages,Spam messages: Notification #183 - Limited time!
Spam messages,Spam messages: Notification #184 - FYI.
Spam messages,Spam messages: Notification #185 - FYI.
Spam messages,Spam messages: Notification #186 - Limited time!
Spam messages,Spam messages: Notification #187 - FYI.
Spam messages,Spam messages: Notification #188 - FYI.
Spam messages,Spam messages: Notification #189 - FYI.
Spam messages,Spam messages: Notification #190 - Don’t miss this!
Spam messages,Spam messages: Notification #191 - Limited time!
Spam messages,Spam messages: Notification #192 - Action needed!
Spam messages,Spam messages: Notification #193 - Limited time!
Spam messages,Spam messages: Notification #194 - Action needed!
Spam messages,Spam messages: Notification #195 - Don’t miss this!
Spam messages,Spam messages: Notification #196 - Check this out!
Spam messages,Spam messages: Notification #197 - FYI.
Spam messages,Spam messages: Notification #198 - Don’t miss this!
Spam messages,Spam messages: Notification #199 - Don’t miss this!
Spam messages,Spam messages: Notification #200 - Don’t miss this!
Spam messages,Spam messages: Notification #201 - Check this out!
Spam messages,Spam messages: Notification #202 - Limited time!
Spam messages,Spam messages: Notification #203 - Limited time!
Spam messages,Spam messages: Notification #204 - Check this out!
Spam messages,Spam messages: Notification #205 - FYI.
Spam messages,Spam messages: Notification #206 - Action needed!
Spam messages,Spam messages: Notification #207 - FYI.
Spam messages,Spam messages: Notification #208 - Don’t miss this!
Spam messages,Spam messages: Notification #209 - Action needed!
Spam messages,Spam messages: Notification #210 - Don’t miss this!
Spam messages,Spam messages: Notification #211 - Check this out!
Spam messages,Spam messages: Notification #212 - Limited time!
Spam messages,Spam messages: Notification #213 - Limited time!
Spam messages,Spam messages: Notification #214 - Action needed!
Spam messages,Spam messages: Notification #215 - Limited time!
Spam messages,Spam messages: Notification #216 - Action needed!
Spam messages,Spam messages: Notification #217 - Check this out!
Spam messages,Spam messages: Notification #218 - Limited time!
Spam messages,Spam messages: Notification #219 - Check this out!
Spam messages,Spam messages: Notification #220 - Limited time!
Spam messages,Spam messages: Notification #221 - Don’t miss this!
Spam messages,Spam messages: Notification #222 - Action needed!
Spam messages,Spam messages: Notification #223 - Limited time!
Spam messages,Spam messages: Notification #224 - FYI.
Spam messages,Spam messages: Notification #225 - FYI.
Spam messages,Spam messages: Notification #226 - Limited time!
Spam messages,Spam messages: Notification #227 - FYI.
Spam messages,Spam messages: Notification #228 - Don’t miss this!
Spam messages,Spam messages: Notification #229 - Limited time!
Spam messages,Spam messages: Notification #230 - Don’t miss this!
Spam messages,Spam messages: Notification #231 - Action needed!
Spam messages,Spam messages: Notification #232 - FYI.
Spam messages,Spam messages: Notification #233 - Action needed!
Spam messages,Spam messages: Notification #234 - FYI.
Spam messages,Spam messages: Notification #235 - Don’t miss this!
Spam messages,Spam messages: Notification #236 - Limited time!
Spam messages,Spam messages: Notification #237 - Check this out!
Spam messages,Spam messages: Notification #238 - Don’t miss this!
Spam messages,Spam messages: Notification #239 - Don’t miss this!
Spam messages,Spam messages: Notification #240 - Don’t miss this!
Spam messages,Spam messages: Notification #241 - Action needed!
Spam messages,Spam messages: Notification #242 - Don’t miss this!
Spam messages,Spam messages: Notification #243 - Limited time!
Spam messages,Spam messages: Notification #244 - FYI.
Spam messages,Spam messages: Notification #245 - FYI.
Spam messages,Spam messages: Notification #246 - Action needed!
Spam messages,Spam messages: Notification #247 - Check this out!
Spam messages,Spam messages: Notification #248 - Check this out!
Spam messages,Spam messages: Notification #249 - FYI.
Spam messages,Spam messages: Notification #250 - FYI.
Spam messages,Spam messages: Notification #251 - Action needed!
Spam messages,Spam messages: Notification #252 - FYI.
Spam messages,Spam messages: Notification #253 - FYI.
Spam messages,Spam messages: Notification #254 - Limited time!
Spam messages,Spam messages: Notification #255 - Limited time!
Spam messages,Spam messages: Notification #256 - Action needed!
Spam messages,Spam messages: Notification #257 - Action needed!
Spam messages,Spam messages: Notification #258 - Don’t miss this!
Spam messages,Spam messages: Notification #259 - Don’t miss this!
Spam messages,Spam messages: Notification #260 - FYI.
Spam messages,Spam messages: Notification #261 - Action needed!
Spam messages,Spam messages: Notification #262 - FYI.
Spam messages,Spam messages: Notification #263 - Don’t miss this!
Spam messages,Spam messages: Notification #264 - Don’t miss this!
Spam messages,Spam messages: Notification #265 - FYI.
Spam messages,Spam messages: Notification #266 - Don’t miss this!
Spam messages,Spam messages: Notification #267 - Limited time!
Spam messages,Spam messages: Notification #268 - Don’t miss this!
Spam messages,Spam messages: Notification #269 - Action needed!
Spam messages,Spam messages: Notification #270 - FYI.
Spam messages,Spam messages: Notification #271 - Check this out!
Spam messages,Spam messages: Notification #272 - Don’t miss this!
Spam messages,Spam messages: Notification #273 - Limited time!
Spam messages,Spam messages: Notification #274 - Limited time!
Spam messages,Spam messages: Notification #275 - FYI.
Spam messages,Spam messages: Notification #276 - Limited time!
Spam messages,Spam messages: Notification #277 - Check this out!
Spam messages,Spam messages: Notification #278 - Check this out!
Spam messages,Spam messages: Notification #279 - Check this out!
Spam messages,Spam messages: Notification #280 - Action needed!
Spam messages,Spam messages: Notification #281 - FYI.
Spam messages,Spam messages: Notification #282 - Don’t miss this!
Spam messages,Spam messages: Notification #283 - Action needed!
Spam messages,Spam messages: Notification #284 - Action needed!
Spam messages,Spam messages: Notification #285 - Don’t miss this!
Spam messages,Spam messages: Notification #286 - Check this out!
Spam messages,Spam messages: Notification #287 - Action needed!
Spam messages,Spam messages: Notification #288 - Don’t miss this!
Spam messages,Spam messages: Notification #289 - Check this out!
Spam messages,Spam messages: Notification #290 - Action needed!
Spam messages,Spam messages: Notification #291 - Check this out!
Spam messages,Spam messages: Notification #292 - Action needed!
Spam messages,Spam messages: Notification #293 - FYI.
Spam messages,Spam messages: Notification #294 - Don’t miss this!
Spam messages,Spam messages: Notification #295 - Action needed!
Spam messages,Spam messages: Notification #296 - Limited time!
Spam messages,Spam messages: Notification #297 - FYI.
Spam messages,Spam messages: Notification #298 - FYI.
Spam messages,Spam messages: Notification #299 - Action needed!
Spam messages,Spam messages: Notification #300 - Check this out!
Spam messages,Spam messages: Notification #301 - Limited time!
Spam messages,Spam messages: Notification #302 - Action needed!
Spam messages,Spam messages: Notification #303 - Don’t miss this!
Spam messages,Spam messages: Notification #304 - Don’t miss this!
Spam messages,Spam messages: Notification #305 - FYI.
Spam messages,Spam messages: Notification #306 - Check this out!
Spam messages,Spam messages: Notification #307 - Check this out!
Spam messages,Spam messages: Notification #308 - Action needed!
Spam messages,Spam messages: Notification #309 - Limited time!
Spam messages,Spam messages: Notification #310 - Action needed!
Spam messages,Spam messages: Notification #311 - Limited time!
Spam messages,Spam messages: Notification #312 - Action needed!
Spam messages,Spam messages: Notification #313 - Limited time!
Spam messages,Spam messages: Notification #314 - Limited time!
Spam messages,Spam messages: Notification #315 - Action needed!
Spam messages,Spam messages: Notification #316 - FYI.
Spam messages,Spam messages: Notification #317 - FYI.
Spam messages,Spam messages: Notification #318 - FYI.
Spam messages,Spam messages: Notification #319 - Check this out!
Spam messages,Spam messages: Notification #320 - Check this out!
Spam messages,Spam messages: Notification #321 - Don’t miss this!
Spam messages,Spam messages: Notification #322 - Action needed!
Spam messages,Spam messages: Notification #323 - FYI.
Spam messages,Spam messages: Notification #324 - Limited time!
Spam messages,Spam messages: Notification #325 - FYI.
Spam messages,Spam messages: Notification #326 - Don’t miss this!
Spam messages,Spam messages: Notification #327 - Check this out!
Spam messages,Spam messages: Notification #328 - Don’t miss this!
Spam messages,Spam messages: Notification #329 - FYI.
Spam messages,Spam messages: Notification #330 - FYI.
Spam messages,Spam messages: Notification #331 - Check this out!
Spam messages,Spam messages: Notification #332 - FYI.
Spam messages,Spam messages: Notification #333 - FYI.
Spam messages,Spam messages: Notification #334 - FYI.
Spam messages,Spam messages: Notification #335 - Limited time!
Spam messages,Spam messages: Notification #336 - Don’t miss this!
Spam messages,Spam messages: Notification #337 - Action needed!
Spam messages,Spam messages: Notification #338 - Action needed!
Spam messages,Spam messages: Notification #339 - Limited time!
Spam messages,Spam messages: Notification #340 - FYI.
Spam messages,Spam messages: Notification #341 - FYI.
Spam messages,Spam messages: Notification #342 - Check this out!
Spam messages,Spam messages: Notification #343 - FYI.
Spam messages,Spam messages: Notification #344 - Limited time!
Spam messages,Spam messages: Notification #345 - Don’t miss this!
Spam messages,Spam messages: Notification #346 - Limited time!
Spam messages,Spam messages: Notification #347 - Action needed!
Spam messages,Spam messages: Notification #348 - Check this out!
Spam messages,Spam messages: Notification #349 - Action needed!
Spam messages,Spam messages: Notification #350 - Check this out!
Spam messages,Spam messages: Notification #351 - FYI.
Spam messages,Spam messages: Notification #352 - Don’t miss this!
Spam messages,Spam messages: Notification #353 - Action needed!
Spam messages,Spam messages: Notification #354 - Limited time!
Spam messages,Spam messages: Notification #355 - Limited time!
Spam messages,Spam messages: Notification #356 - Limited time!
Spam messages,Spam messages: Notification #357 - Limited time!
Spam messages,Spam messages: Notification #358 - Don’t miss this!
Spam messages,Spam messages: Notification #359 - Check this out!
Spam messages,Spam messages: Notification #360 - Don’t miss this!
Spam messages,Spam messages: Notification #361 - Action needed!
Spam messages,Spam messages: Notification #362 - FYI.
Spam messages,Spam messages: Notification #363 - Don’t miss this!
Spam messages,Spam messages: Notification #364 - Check this out!
Spam messages,Spam messages: Notification #365 - Check this out!
Spam messages,Spam messages: Notification #366 - Check this out!
Spam messages,Spam messages: Notification #367 - Check this out!
Spam messages,Spam messages: Notification #368 - FYI.
Spam messages,Spam messages: Notification #369 - Action needed!
Spam messages,Spam messages: Notification #370 - Don’t miss this!
Spam messages,Spam messages: Notification #371 - Check this out!
Spam messages,Spam messages: Notification #372 - Action needed!
Spam messages,Spam messages: Notification #373 - Don’t miss this!
Spam messages,Spam messages: Notification #374 - Check this out!
Spam messages,Spam messages: Notification #375 - FYI.
Spam messages,Spam messages: Notification #376 - Action needed!
Spam messages,Spam messages: Notification #377 - Check this out!
Spam messages,Spam messages: Notification #378 - Check this out!
Spam messages,Spam messages: Notification #379 - Check this out!
Spam messages,Spam messages: Notification #380 - Action needed!
Spam messages,Spam messages: Notification #381 - Check this out!
Spam messages,Spam messages: Notification #382 - Action needed!
Spam messages,Spam messages: Notification #383 - FYI.
Spam messages,Spam messages: Notification #384 - Action needed!
Spam messages,Spam messages: Notification #385 - Don’t miss this!
Spam messages,Spam messages: Notification #386 - Check this out!
Spam messages,Spam messages: Notification #387 - FYI.
Spam messages,Spam messages: Notification #388 - FYI.
Spam messages,Spam messages: Notification #389 - Don’t miss this!
Spam messages,Spam messages: Notification #390 - Don’t miss this!
Spam messages,Spam messages: Notification #391 - Limited time!
Spam messages,Spam messages: Notification #392 - Check this out!
Spam messages,Spam messages: Notification #393 - Action needed!
Spam messages,Spam messages: Notification #394 - Action needed!
Spam messages,Spam messages: Notification #395 - Don’t miss this!
Spam messages,Spam messages: Notification #396 - Check this out!
Spam messages,Spam messages: Notification #397 - Don’t miss this!
Spam messages,Spam messages: Notification #398 - Limited time!
Spam messages,Spam messages: Notification #399 - Check this out!
Spam messages,Spam messages: Notification #400 - Action needed!
Spam messages,Spam messages: Notification #401 - FYI.
Spam messages,Spam messages: Notification #402 - Check this out!
Spam messages,Spam messages: Notification #403 - Check this out!
Spam messages,Spam messages: Notification #404 - Action needed!
Spam messages,Spam messages: Notification #405 - Action needed!
Spam messages,Spam messages: Notification #406 - Check this out!
Spam messages,Spam messages: Notification #407 - Don’t miss this!
Spam messages,Spam messages: Notification #408 - Limited time!
Spam messages,Spam messages: Notification #409 - Check this out!
Spam messages,Spam messages: Notification #410 - Limited time!
Spam messages,Spam messages: Notification #411 - Check this out!
Spam messages,Spam messages: Notification #412 - Limited time!
Spam messages,Spam messages: Notification #413 - FYI.
Spam messages,Spam messages: Notification #414 - FYI.
Spam messages,Spam messages: Notification #415 - Check this out!
Spam messages,Spam messages: Notification #416 - FYI.
Spam messages,Spam messages: Notification #417 - FYI.
Spam messages,Spam messages: Notification #418 - Limited time!
Spam messages,Spam messages: Notification #419 - Action needed!
Spam messages,Spam messages: Notification #420 - Action needed!
Spam messages,Spam messages: Notification #421 - Limited time!
Spam messages,Spam messages: Notification #422 - Limited time!
Spam messages,Spam messages: Notification #423 - Don’t miss this!
Spam messages,Spam messages: Notification #424 - FYI.
Spam messages,Spam messages: Notification #425 - Action needed!
Spam messages,Spam messages: Notification #426 - Check this out!
Spam messages,Spam messages: Notification #427 - Check this out!
Spam messages,Spam messages: Notification #428 - Check this out!
Spam messages,Spam messages: Notification #429 - Action needed!
Spam messages,Spam messages: Notification #430 - Limited time!
Spam messages,Spam messages: Notification #431 - Limited time!
Spam messages,Spam messages: Notification #432 - Check this out!
Spam messages,Spam messages: Notification #433 - FYI.
Spam messages,Spam messages: Notification #434 - Action needed!
Spam messages,Spam messages: Notification #435 - Check this out!
Spam messages,Spam messages: Notification #436 - Don’t miss this!
Spam messages,Spam messages: Notification #437 - Action needed!
Spam messages,Spam messages: Notification #438 - Action needed!
Spam messages,Spam messages: Notification #439 - Limited time!
Spam messages,Spam messages: Notification #440 - FYI.
Spam messages,Spam messages: Notification #441 - Limited time!
Spam messages,Spam messages: Notification #442 - Don’t miss this!
Spam messages,Spam messages: Notification #443 - FYI.
Spam messages,Spam messages: Notification #444 - FYI.
Spam messages,Spam messages: Notification #445 - Limited time!
Spam messages,Spam messages: Notification #446 - Action needed!
Spam messages,Spam messages: Notification #447 - Action needed!
Spam messages,Spam messages: Notification #448 - Check this out!
Spam messages,Spam messages: Notification #449 - Check this out!
Spam messages,Spam messages: Notification #450 - Don’t miss this!
Spam messages,Spam messages: Notification #451 - Action needed!
Spam messages,Spam messages: Notification #452 - Check this out!
Spam messages,Spam messages: Notification #453 - Check this out!
Spam messages,Spam messages: Notification #454 - FYI.
Spam messages,Spam messages: Notification #455 - Action needed!
Spam messages,Spam messages: Notification #456 - FYI.
Spam messages,Spam messages: Notification #457 - Don’t miss this!
Spam messages,Spam messages: Notification #458 - FYI.
Spam messages,Spam messages: Notification #459 - FYI.
Spam messages,Spam messages: Notification #460 - Check this out!
Spam messages,Spam messages: Notification #461 - Check this out!
Spam messages,Spam messages: Notification #462 - Check this out!
Spam messages,Spam messages: Notification #463 - Don’t miss this!
Spam messages,Spam messages: Notification #464 - Check this out!
Spam messages,Spam messages: Notification #465 - FYI.
Spam messages,Spam messages: Notification #466 - Check this out!
Spam messages,Spam messages: Notification #467 - Check this out!
Spam messages,Spam messages: Notification #468 - Limited time!
Spam messages,Spam messages: Notification #469 - Action needed!
Spam messages,Spam messages: Notification #470 - Action needed!
Spam messages,Spam messages: Notification #471 - FYI.
Spam messages,Spam messages: Notification #472 - Action needed!
Spam messages,Spam messages: Notification #473 - FYI.
Spam messages,Spam messages: Notification #474 - Don’t miss this!
Spam messages,Spam messages: Notification #475 - Don’t miss this!
Spam messages,Spam messages: Notification #476 - Action needed!
Spam messages,Spam messages: Notification #477 - Limited time!
Spam messages,Spam messages: Notification #478 - Action needed!
Spam messages,Spam messages: Notification #479 - Action needed!
Spam messages,Spam messages: Notification #480 - Don’t miss this!
Spam messages,Spam messages: Notification #481 - FYI.
Spam messages,Spam messages: Notification #482 - FYI.
Spam messages,Spam messages: Notification #483 - Limited time!
Spam messages,Spam messages: Notification #484 - Limited time!
Spam messages,Spam messages: Notification #485 - FYI.
Spam messages,Spam messages: Notification #486 - Don’t miss this!
Spam messages,Spam messages: Notification #487 - Action needed!
Spam messages,Spam messages: Notification #488 - Check this out!
Spam messages,Spam messages: Notification #489 - Don’t miss this!
Spam messages,Spam messages: Notification #490 - Action needed!
Spam messages,Spam messages: Notification #491 - Action needed!
Spam messages,Spam messages: Notification #492 - Don’t miss this!
Spam messages,Spam messages: Notification #493 - Limited time!
Spam messages,Spam messages: Notification #494 - Check this out!
Spam messages,Spam messages: Notification #495 - Action needed!
Spam messages,Spam messages: Notification #496 - Check this out!
Spam messages,Spam messages: Notification #497 - Action needed!
Spam messages,Spam messages: Notification #498 - Action needed!
Spam messages,Spam messages: Notification #499 - Don’t miss this!
Spam messages,Spam messages: Notification #500 - Check this out!
Spam messages,Spam messages: Notification #501 - Don’t miss this!
Spam messages,Spam messages: Notification #502 - FYI.
Spam messages,Spam messages: Notification #503 - Limited time!
Spam messages,Spam messages: Notification #504 - Action needed!
Spam messages,Spam messages: Notification #505 - Don’t miss this!
Spam messages,Spam messages: Notification #506 - Check this out!
Spam messages,Spam messages: Notification #507 - FYI.
Spam messages,Spam messages: Notification #508 - Don’t miss this!
Spam messages,Spam messages: Notification #509 - Limited time!
Spam messages,Spam messages: Notification #510 - Action needed!
Spam messages,Spam messages: Notification #511 - Action needed!
Spam messages,Spam messages: Notification #512 - Limited time!
Spam messages,Spam messages: Notification #513 - Check this out!
Spam messages,Spam messages: Notification #514 - Action needed!
Spam messages,Spam messages: Notification #515 - FYI.
Spam messages,Spam messages: Notification #516 - Action needed!
Spam messages,Spam messages: Notification #517 - Check this out!
Spam messages,Spam messages: Notification #518 - Don’t miss this!
Spam messages,Spam messages: Notification #519 - Don’t miss this!
Spam messages,Spam messages: Notification #520 - FYI.
Spam messages,Spam messages: Notification #521 - Don’t miss this!
Spam messages,Spam messages: Notification #522 - FYI.
Spam messages,Spam messages: Notification #523 - Check this out!
Spam messages,Spam messages: Notification #524 - FYI.
Spam messages,Spam messages: Notification #525 - Action needed!
Spam messages,Spam messages: Notification #526 - Don’t miss this!
Spam messages,Spam messages: Notification #527 - Don’t miss this!
Spam messages,Spam messages: Notification #528 - Action needed!
Spam messages,Spam messages: Notification #529 - Action needed!
Spam messages,Spam messages: Notification #530 - Check this out!
Spam messages,Spam messages: Notification #531 - Don’t miss this!
Spam messages,Spam messages: Notification #532 - FYI.
Spam messages,Spam messages: Notification #533 - Check this out!
Spam messages,Spam messages: Notification #534 - FYI.
Spam messages,Spam messages: Notification #535 - Limited time!
Spam messages,Spam messages: Notification #536 - Don’t miss this!
Spam messages,Spam messages: Notification #537 - FYI.
Spam messages,Spam messages: Notification #538 - FYI.
Spam messages,Spam messages: Notification #539 - Don’t miss this!
Spam messages,Spam messages: Notification #540 - Don’t miss this!
Spam messages,Spam messages: Notification #541 - Don’t miss this!
Spam messages,Spam messages: Notification #542 - FYI.
Spam messages,Spam messages: Notification #543 - Check this out!
Spam messages,Spam messages: Notification #544 - FYI.
Spam messages,Spam messages: Notification #545 - Don’t miss this!
Spam messages,Spam messages: Notification #546 - Limited time!
Spam messages,Spam messages: Notification #547 - Action needed!
Spam messages,Spam messages: Notification #548 - Check this out!
Spam messages,Spam messages: Notification #549 - Check this out!
Spam messages,Spam messages: Notification #550 - Limited time!
Spam messages,Spam messages: Notification #551 - Limited time!
Spam messages,Spam messages: Notification #552 - Don’t miss this!
Spam messages,Spam messages: Notification #553 - FYI.
Spam messages,Spam messages: Notification #554 - FYI.
Spam messages,Spam messages: Notification #555 - Limited time!
Spam messages,Spam messages: Notification #556 - Check this out!
Spam messages,Spam messages: Notification #557 - Don’t miss this!
Spam messages,Spam messages: Notification #558 - Don’t miss this!
Spam messages,Spam messages: Notification #559 - FYI.
Spam messages,Spam messages: Notification #560 - Limited time!
Spam messages,Spam messages: Notification #561 - Don’t miss this!
Spam messages,Spam messages: Notification #562 - Check this out!
Spam messages,Spam messages: Notification #563 - Don’t miss this!
Spam messages,Spam messages: Notification #564 - Limited time!
Spam messages,Spam messages: Notification #565 - Check this out!
Spam messages,Spam messages: Notification #566 - Don’t miss this!
Spam messages,Spam messages: Notification #567 - Check this out!
Spam messages,Spam messages: Notification #568 - FYI.
Spam messages,Spam messages: Notification #569 - Limited time!
Spam messages,Spam messages: Notification #570 - FYI.
Spam messages,Spam messages: Notification #571 - FYI.
Spam messages,Spam messages: Notification #572 - Limited time!
Spam messages,Spam messages: Notification #573 - Limited time!
Spam messages,Spam messages: Notification #574 - Limited time!
Spam messages,Spam messages: Notification #575 - FYI.
Spam messages,Spam messages: Notification #576 - Check this out!
Spam messages,Spam messages: Notification #577 - Limited time!
Spam messages,Spam messages: Notification #578 - Don’t miss this!
Spam messages,Spam messages: Notification #579 - Action needed!
Spam messages,Spam messages: Notification #580 - Action needed!
Spam messages,Spam messages: Notification #581 - Check this out!
Spam messages,Spam messages: Notification #582 - Check this out!
Spam messages,Spam messages: Notification #583 - Limited time!
Spam messages,Spam messages: Notification #584 - Don’t miss this!
Spam messages,Spam messages: Notification #585 - Don’t miss this!
Spam messages,Spam messages: Notification #586 - FYI.
Spam messages,Spam messages: Notification #587 - FYI.
Spam messages,Spam messages: Notification #588 - Check this out!
Spam messages,Spam messages: Notification #589 - FYI.
Spam messages,Spam messages: Notification #590 - Action needed!
Spam messages,Spam messages: Notification #591 - Check this out!
Spam messages,Spam messages: Notification #592 - FYI.
Spam messages,Spam messages: Notification #593 - Action needed!
Spam messages,Spam messages: Notification #594 - Check this out!
Spam messages,Spam messages: Notification #595 - Action needed!
Spam messages,Spam messages: Notification #596 - Don’t miss this!
Spam messages,Spam messages: Notification #597 - Check this out!
Spam messages,Spam messages: Notification #598 - Action needed!
Spam messages,Spam messages: Notification #599 - Action needed!
Spam messages,Spam messages: Notification #600 - Don’t miss this!
Spam messages,Spam messages: Notification #601 - Action needed!
Spam messages,Spam messages: Notification #602 - Limited time!
Spam messages,Spam messages: Notification #603 - Check this out!
Spam messages,Spam messages: Notification #604 - Check this out!
Spam messages,Spam messages: Notification #605 - Limited time!
Spam messages,Spam messages: Notification #606 - Check this out!
Spam messages,Spam messages: Notification #607 - Limited time!
Spam messages,Spam messages: Notification #608 - Action needed!
Spam messages,Spam messages: Notification #609 - FYI.
Spam messages,Spam messages: Notification #610 - Action needed!
Spam messages,Spam messages: Notification #611 - Action needed!
Spam messages,Spam messages: Notification #612 - Don’t miss this!
Spam messages,Spam messages: Notification #613 - Don’t miss this!
Spam messages,Spam messages: Notification #614 - FYI.
Spam messages,Spam messages: Notification #615 - Action needed!
Spam messages,Spam messages: Notification #616 - Action needed!
Spam messages,Spam messages: Notification #617 - Limited time!
Spam messages,Spam messages: Notification #618 - Don’t miss this!
Spam messages,Spam messages: Notification #619 - Don’t miss this!
Spam messages,Spam messages: Notification #620 - Action needed!
Spam messages,Spam messages: Notification #621 - Don’t miss this!
Spam messages,Spam messages: Notification #622 - FYI.
Spam messages,Spam messages: Notification #623 - Action needed!
Spam messages,Spam messages: Notification #624 - Action needed!
Spam messages,Spam messages: Notification #625 - FYI.
Spam messages,Spam messages: Notification #626 - Limited time!
Spam messages,Spam messages: Notification #627 - Action needed!
Spam messages,Spam messages: Notification #628 - FYI.
Spam messages,Spam messages: Notification #629 - Don’t miss this!
Spam messages,Spam messages: Notification #630 - Limited time!
Spam messages,Spam messages: Notification #631 - FYI.
Spam messages,Spam messages: Notification #632 - Don’t miss this!
Spam messages,Spam messages: Notification #633 - Check this out!
Spam messages,Spam messages: Notification #634 - FYI.
Spam messages,Spam messages: Notification #635 - Check this out!
Spam messages,Spam messages: Notification #636 - Check this out!
Spam messages,Spam messages: Notification #637 - Action needed!
Spam messages,Spam messages: Notification #638 - Check this out!
Spam messages,Spam messages: Notification #639 - Check this out!
Spam messages,Spam messages: Notification #640 - Don’t miss this!
Spam messages,Spam messages: Notification #641 - FYI.
Spam messages,Spam messages: Notification #642 - FYI.
Spam messages,Spam messages: Notification #643 - Action needed!
Spam messages,Spam messages: Notification #644 - Check this out!
Spam messages,Spam messages: Notification #645 - Don’t miss this!
Spam messages,Spam messages: Notification #646 - Action needed!
Spam messages,Spam messages: Notification #647 - Check this out!
Spam messages,Spam messages: Notification #648 - Don’t miss this!
Spam messages,Spam messages: Notification #649 - Don’t miss this!
Spam messages,Spam messages: Notification #650 - Don’t miss this!
Spam messages,Spam messages: Notification #651 - Check this out!
Spam messages,Spam messages: Notification #652 - Action needed!
Spam messages,Spam messages: Notification #653 - Action needed!
Spam messages,Spam messages: Notification #654 - Limited time!
Spam messages,Spam messages: Notification #655 - Limited time!
Spam messages,Spam messages: Notification #656 - Check this out!
Spam messages,Spam messages: Notification #657 - Limited time!
Spam messages,Spam messages: Notification #658 - Limited time!
Spam messages,Spam messages: Notification #659 - Action needed!
Spam messages,Spam messages: Notification #660 - Don’t miss this!
Spam messages,Spam messages: Notification #661 - FYI.
Spam messages,Spam messages: Notification #662 - Check this out!
Spam messages,Spam messages: Notification #663 - Action needed!
Spam messages,Spam messages: Notification #664 - Don’t miss this!
Spam messages,Spam messages: Notification #665 - Action needed!
Spam messages,Spam messages: Notification #666 - Action needed!
Spam messages,Spam messages: Notification #667 - Check this out!
Spam messages,Spam messages: Notification #668 - Check this out!
Spam messages,Spam messages: Notification #669 - Check this out!
Spam messages,Spam messages: Notification #670 - Action needed!
Spam messages,Spam messages: Notification #671 - FYI.
Spam messages,Spam messages: Notification #672 - Don’t miss this!
Spam messages,Spam messages: Notification #673 - Action needed!
Spam messages,Spam messages: Notification #674 - Limited time!
Spam messages,Spam messages: Notification #675 - Don’t miss this!
Spam messages,Spam messages: Notification #676 - Don’t miss this!
Spam messages,Spam messages: Notification #677 - Action needed!
Spam messages,Spam messages: Notification #678 - Limited time!
Spam messages,Spam messages: Notification #679 - Limited time!
Spam messages,Spam messages: Notification #680 - Check this out!
Spam messages,Spam messages: Notification #681 - Action needed!
Spam messages,Spam messages: Notification #682 - FYI.
Spam messages,Spam messages: Notification #683 - Limited time!
Spam messages,Spam messages: Notification #684 - Don’t miss this!
Spam messages,Spam messages: Notification #685 - Action needed!
Spam messages,Spam messages: Notification #686 - Don’t miss this!
Spam messages,Spam messages: Notification #687 - Limited time!
Spam messages,Spam messages: Notification #688 - Check this out!
Spam messages,Spam messages: Notification #689 - Action needed!
Spam messages,Spam messages: Notification #690 - Action needed!
Spam messages,Spam messages: Notification #691 - Limited time!
Spam messages,Spam messages: Notification #692 - Check this out!
Spam messages,Spam messages: Notification #693 - Don’t miss this!
Spam messages,Spam messages: Notification #694 - Don’t miss this!
Spam messages,Spam messages: Notification #695 - FYI.
Spam messages,Spam messages: Notification #696 - Check this out!
Spam messages,Spam messages: Notification #697 - Limited time!
Spam messages,Spam messages: Notification #698 - FYI.
Spam messages,Spam messages: Notification #699 - FYI.
Spam messages,Spam messages: Notification #700 - Check this out!
Spam messages,Spam messages: Notification #701 - Don’t miss this!
Spam messages,Spam messages: Notification #702 - FYI.
Spam messages,Spam messages: Notification #703 - Limited time!
Spam messages,Spam messages: Notification #704 - Limited time!
Spam messages,Spam messages: Notification #705 - Don’t miss this!
Spam messages,Spam messages: Notification #706 - Check this out!
Spam messages,Spam messages: Notification #707 - Check this out!
Spam messages,Spam messages: Notification #708 - Limited time!
Spam messages,Spam messages: Notification #709 - Limited time!
Spam messages,Spam messages: Notification #710 - Action needed!
Spam messages,Spam messages: Notification #711 - FYI.
Spam messages,Spam messages: Notification #712 - Limited time!
Spam messages,Spam messages: Notification #713 - FYI.
Spam messages,Spam messages: Notification #714 - FYI.
Spam messages,Spam messages: Notification #715 - Action needed!
Spam messages,Spam messages: Notification #716 - Don’t miss this!
Spam messages,Spam messages: Notification #717 - FYI.
Spam messages,Spam messages: Notification #718 - Limited time!
Spam messages,Spam messages: Notification #719 - Action needed!
Spam messages,Spam messages: Notification #720 - FYI.
Spam messages,Spam messages: Notification #721 - Don’t miss this!
Spam messages,Spam messages: Notification #722 - Check this out!
Spam messages,Spam messages: Notification #723 - Limited time!
Spam messages,Spam messages: Notification #724 - Action needed!
Spam messages,Spam messages: Notification #725 - Check this out!
Spam messages,Spam messages: Notification #726 - Don’t miss this!
Spam messages,Spam messages: Notification #727 - Check this out!
Spam messages,Spam messages: Notification #728 - Action needed!
Spam messages,Spam messages: Notification #729 - Check this out!
Spam messages,Spam messages: Notification #730 - Don’t miss this!
Spam messages,Spam messages: Notification #731 - Don’t miss this!
Spam messages,Spam messages: Notification #732 - Check this out!
Spam messages,Spam messages: Notification #733 - Limited time!
Spam messages,Spam messages: Notification #734 - Check this out!
Spam messages,Spam messages: Notification #735 - Check this out!
Spam messages,Spam messages: Notification #736 - Action needed!
Spam messages,Spam messages: Notification #737 - Action needed!
Spam messages,Spam messages: Notification #738 - Limited time!
Spam messages,Spam messages: Notification #739 - Don’t miss this!
Spam messages,Spam messages: Notification #740 - Don’t miss this!
Spam messages,Spam messages: Notification #741 - Check this out!
Spam messages,Spam messages: Notification #742 - Don’t miss this!
Spam messages,Spam messages: Notification #743 - FYI.
Spam messages,Spam messages: Notification #744 - Check this out!
Spam messages,Spam messages: Notification #745 - Check this out!
Spam messages,Spam messages: Notification #746 - Limited time!
Spam messages,Spam messages: Notification #747 - FYI.
Spam messages,Spam messages: Notification #748 - FYI.
Spam messages,Spam messages: Notification #749 - Limited time!
Spam messages,Spam messages: Notification #750 - Check this out!
Spam messages,Spam messages: Notification #751 - Action needed!
Spam messages,Spam messages: Notification #752 - Action needed!
Spam messages,Spam messages: Notification #753 - Don’t miss this!
Spam messages,Spam messages: Notification #754 - Action needed!
Spam messages,Spam messages: Notification #755 - Don’t miss this!
Spam messages,Spam messages: Notification #756 - Limited time!
Spam messages,Spam messages: Notification #757 - Don’t miss this!
Spam messages,Spam messages: Notification #758 - Limited time!
Spam messages,Spam messages: Notification #759 - FYI.
Spam messages,Spam messages: Notification #760 - Check this out!
Spam messages,Spam messages: Notification #761 - Limited time!
Spam messages,Spam messages: Notification #762 - Limited time!
Spam messages,Spam messages: Notification #763 - FYI.
Spam messages,Spam messages: Notification #764 - Action needed!
Spam messages,Spam messages: Notification #765 - Limited time!
Spam messages,Spam messages: Notification #766 - Action needed!
Spam messages,Spam messages: Notification #767 - Check this out!
Spam messages,Spam messages: Notification #768 - Limited time!
Spam messages,Spam messages: Notification #769 - Check this out!
Spam messages,Spam messages: Notification #770 - Don’t miss this!
Spam messages,Spam messages: Notification #771 - Check this out!
Spam messages,Spam messages: Notification #772 - Limited time!
Spam messages,Spam messages: Notification #773 - Limited time!
Spam messages,Spam messages: Notification #774 - FYI.
Spam messages,Spam messages: Notification #775 - FYI.
Spam messages,Spam messages: Notification #776 - Limited time!
Spam messages,Spam messages: Notification #777 - FYI.
Spam messages,Spam messages: Notification #778 - Limited time!
Spam messages,Spam messages: Notification #779 - FYI.
Spam messages,Spam messages: Notification #780 - Check this out!
Spam messages,Spam messages: Notification #781 - FYI.
Spam messages,Spam messages: Notification #782 - FYI.
Spam messages,Spam messages: Notification #783 - Check this out!
Spam messages,Spam messages: Notification #784 - Action needed!
Spam messages,Spam messages: Notification #785 - Check this out!
Spam messages,Spam messages: Notification #786 - Limited time!
Spam messages,Spam messages: Notification #787 - Limited time!
Spam messages,Spam messages: Notification #788 - Action needed!
Spam messages,Spam messages: Notification #789 - Action needed!
Spam messages,Spam messages: Notification #790 - Check this out!
Spam messages,Spam messages: Notification #791 - Don’t miss this!
Spam messages,Spam messages: Notification #792 - Don’t miss this!
Spam messages,Spam messages: Notification #793 - FYI.
Spam messages,Spam messages: Notification #794 - FYI.
Spam messages,Spam messages: Notification #795 - Limited time!
Spam messages,Spam messages: Notification #796 - Limited time!
Spam messages,Spam messages: Notification #797 - Limited time!
Spam messages,Spam messages: Notification #798 - Action needed!
Spam messages,Spam messages: Notification #799 - Check this out!
Spam messages,Spam messages: Notification #800 - Action needed!
Spam messages,Spam messages: Notification #801 - Action needed!
Spam messages,Spam messages: Notification #802 - Limited time!
Spam messages,Spam messages: Notification #803 - Check this out!
Spam messages,Spam messages: Notification #804 - Don’t miss this!
Spam messages,Spam messages: Notification #805 - Don’t miss this!
Spam messages,Spam messages: Notification #806 - Limited time!
Spam messages,Spam messages: Notification #807 - Limited time!
Spam messages,Spam messages: Notification #808 - FYI.
Spam messages,Spam messages: Notification #809 - Don’t miss this!
Spam messages,Spam messages: Notification #810 - Check this out!
Spam messages,Spam messages: Notification #811 - FYI.
Spam messages,Spam messages: Notification #812 - Action needed!
Spam messages,Spam messages: Notification #813 - Don’t miss this!
Spam messages,Spam messages: Notification #814 - Limited time!
Spam messages,Spam messages: Notification #815 - Action needed!
Spam messages,Spam messages: Notification #816 - Limited time!
Spam messages,Spam messages: Notification #817 - Limited time!
Spam messages,Spam messages: Notification #818 - FYI.
Spam messages,Spam messages: Notification #819 - FYI.
Spam messages,Spam messages: Notification #820 - Don’t miss this!
Spam messages,Spam messages: Notification #821 - Check this out!
Spam messages,Spam messages: Notification #822 - FYI.
Spam messages,Spam messages: Notification #823 - Action needed!
Spam messages,Spam messages: Notification #824 - Limited time!
Spam messages,Spam messages: Notification #825 - Don’t miss this!
Spam messages,Spam messages: Notification #826 - FYI.
Spam messages,Spam messages: Notification #827 - FYI.
Spam messages,Spam messages: Notification #828 - Check this out!
Spam messages,Spam messages: Notification #829 - Check this out!
Spam messages,Spam messages: Notification #830 - Limited time!
Spam messages,Spam messages: Notification #831 - Don’t miss this!
Spam messages,Spam messages: Notification #832 - FYI.
Spam messages,Spam messages: Notification #833 - Action needed!
Spam messages,Spam messages: Notification #834 - FYI.
Spam messages,Spam messages: Notification #835 - Check this out!
Spam messages,Spam messages: Notification #836 - Don’t miss this!
Spam messages,Spam messages: Notification #837 - Don’t miss this!
Spam messages,Spam messages: Notification #838 - Action needed!
Spam messages,Spam messages: Notification #839 - Action needed!
Spam messages,Spam messages: Notification #840 - FYI.
Spam messages,Spam messages: Notification #841 - Don’t miss this!
Spam messages,Spam messages: Notification #842 - Action needed!
Spam messages,Spam messages: Notification #843 - FYI.
Spam messages,Spam messages: Notification #844 - Action needed!
Spam messages,Spam messages: Notification #845 - FYI.
Spam messages,Spam messages: Notification #846 - Limited time!
Spam messages,Spam messages: Notification #847 - Limited time!
Spam messages,Spam messages: Notification #848 - FYI.
Spam messages,Spam messages: Notification #849 - FYI.
Spam messages,Spam messages: Notification #850 - Action needed!
Spam messages,Spam messages: Notification #851 - Action needed!
Spam messages,Spam messages: Notification #852 - Don’t miss this!
Spam messages,Spam messages: Notification #853 - Don’t miss this!
Spam messages,Spam messages: Notification #854 - Check this out!
Spam messages,Spam messages: Notification #855 - Action needed!
Spam messages,Spam messages: Notification #856 - Limited time!
Spam messages,Spam messages: Notification #857 - Check this out!
Spam messages,Spam messages: Notification #858 - Action needed!
Spam messages,Spam messages: Notification #859 - Limited time!
Spam messages,Spam messages: Notification #860 - Check this out!
Spam messages,Spam messages: Notification #861 - Action needed!
Spam messages,Spam messages: Notification #862 - Limited time!
Spam messages,Spam messages: Notification #863 - FYI.
Spam messages,Spam messages: Notification #864 - Limited time!
Spam messages,Spam messages: Notification #865 - Don’t miss this!
Spam messages,Spam messages: Notification #866 - Limited time!
Spam messages,Spam messages: Notification #867 - Action needed!
Spam messages,Spam messages: Notification #868 - Don’t miss this!
Spam messages,Spam messages: Notification #869 - FYI.
Spam messages,Spam messages: Notification #870 - Check this out!
Spam messages,Spam messages: Notification #871 - Action needed!
Spam messages,Spam messages: Notification #872 - Check this out!
Spam messages,Spam messages: Notification #873 - Limited time!
Spam messages,Spam messages: Notification #874 - FYI.
Spam messages,Spam messages: Notification #875 - FYI.
Spam messages,Spam messages: Notification #876 - Check this out!
Spam messages,Spam messages: Notification #877 - Limited time!
Spam messages,Spam messages: Notification #878 - Don’t miss this!
Spam messages,Spam messages: Notification #879 - Don’t miss this!
Spam messages,Spam messages: Notification #880 - Limited time!
Spam messages,Spam messages: Notification #881 - Limited time!
Spam messages,Spam messages: Notification #882 - Don’t miss this!
Spam messages,Spam messages: Notification #883 - FYI.
Spam messages,Spam messages: Notification #884 - Don’t miss this!
Spam messages,Spam messages: Notification #885 - FYI.
Spam messages,Spam messages: Notification #886 - FYI.
Spam messages,Spam messages: Notification #887 - Limited time!
Spam messages,Spam messages: Notification #888 - Check this out!
Spam messages,Spam messages: Notification #889 - Check this out!
Spam messages,Spam messages: Notification #890 - Action needed!
Spam messages,Spam messages: Notification #891 - FYI.
Spam messages,Spam messages: Notification #892 - FYI.
Spam messages,Spam messages: Notification #893 - Action needed!
Spam messages,Spam messages: Notification #894 - Check this out!
Spam messages,Spam messages: Notification #895 - FYI.
Spam messages,Spam messages: Notification #896 - Check this out!
Spam messages,Spam messages: Notification #897 - FYI.
Spam messages,Spam messages: Notification #898 - FYI.
Spam messages,Spam messages: Notification #899 - Limited time!
Spam messages,Spam messages: Notification #900 - FYI.
Spam messages,Spam messages: Notification #901 - Don’t miss this!
Spam messages,Spam messages: Notification #902 - FYI.
Spam messages,Spam messages: Notification #903 - Check this out!
Spam messages,Spam messages: Notification #904 - FYI.
Spam messages,Spam messages: Notification #905 - Action needed!
Spam messages,Spam messages: Notification #906 - FYI.
Spam messages,Spam messages: Notification #907 - FYI.
Spam messages,Spam messages: Notification #908 - Limited time!
Spam messages,Spam messages: Notification #909 - Action needed!
Spam messages,Spam messages: Notification #910 - Check this out!
Spam messages,Spam messages: Notification #911 - FYI.
Spam messages,Spam messages: Notification #912 - Don’t miss this!
Spam messages,Spam messages: Notification #913 - FYI.
Spam messages,Spam messages: Notification #914 - Action needed!
Spam messages,Spam messages: Notification #915 - Check this out!
Spam messages,Spam messages: Notification #916 - Check this out!
Spam messages,Spam messages: Notification #917 - FYI.
Spam messages,Spam messages: Notification #918 - Action needed!
Spam messages,Spam messages: Notification #919 - Don’t miss this!
Spam messages,Spam messages: Notification #920 - Check this out!
Spam messages,Spam messages: Notification #921 - Action needed!
Spam messages,Spam messages: Notification #922 - Check this out!
Spam messages,Spam messages: Notification #923 - FYI.
Spam messages,Spam messages: Notification #924 - Limited time!
Spam messages,Spam messages: Notification #925 - Action needed!
Spam messages,Spam messages: Notification #926 - Limited time!
Spam messages,Spam messages: Notification #927 - Action needed!
Spam messages,Spam messages: Notification #928 - FYI.
Spam messages,Spam messages: Notification #929 - Limited time!
Spam messages,Spam messages: Notification #930 - Limited time!
Spam messages,Spam messages: Notification #931 - Action needed!
Spam messages,Spam messages: Notification #932 - Limited time!
Spam messages,Spam messages: Notification #933 - Check this out!
Spam messages,Spam messages: Notification #934 - FYI.
Spam messages,Spam messages: Notification #935 - Action needed!
Spam messages,Spam messages: Notification #936 - Check this out!
Spam messages,Spam messages: Notification #937 - Check this out!
Spam messages,Spam messages: Notification #938 - FYI.
Spam messages,Spam messages: Notification #939 - FYI.
Spam messages,Spam messages: Notification #940 - Don’t miss this!
Spam messages,Spam messages: Notification #941 - Check this out!
Spam messages,Spam messages: Notification #942 - Limited time!
Spam messages,Spam messages: Notification #943 - Action needed!
Spam messages,Spam messages: Notification #944 - Don’t miss this!
Spam messages,Spam messages: Notification #945 - Check this out!
Spam messages,Spam messages: Notification #946 - Check this out!
Spam messages,Spam messages: Notification #947 - Don’t miss this!
Spam messages,Spam messages: Notification #948 - Check this out!
Spam messages,Spam messages: Notification #949 - Action needed!
Spam messages,Spam messages: Notification #950 - Check this out!
Spam messages,Spam messages: Notification #951 - Check this out!
Spam messages,Spam messages: Notification #952 - Don’t miss this!
Spam messages,Spam messages: Notification #953 - Limited time!
Spam messages,Spam messages: Notification #954 - FYI.
Spam messages,Spam messages: Notification #955 - Action needed!
Spam messages,Spam messages: Notification #956 - Action needed!
Spam messages,Spam messages: Notification #957 - FYI.
Spam messages,Spam messages: Notification #958 - Limited time!
Spam messages,Spam messages: Notification #959 - Action needed!
Spam messages,Spam messages: Notification #960 - FYI.
Spam messages,Spam messages: Notification #961 - Limited time!
Spam messages,Spam messages: Notification #962 - Action needed!
Spam messages,Spam messages: Notification #963 - Check this out!
Spam messages,Spam messages: Notification #964 - Check this out!
Spam messages,Spam messages: Notification #965 - FYI.
Spam messages,Spam messages: Notification #966 - FYI.
Spam messages,Spam messages: Notification #967 - FYI.
Spam messages,Spam messages: Notification #968 - Don’t miss this!
Spam messages,Spam messages: Notification #969 - Don’t miss this!
Spam messages,Spam messages: Notification #970 - Check this out!
Spam messages,Spam messages: Notification #971 - Check this out!
Spam messages,Spam messages: Notification #972 - Check this out!
Spam messages,Spam messages: Notification #973 - FYI.
Spam messages,Spam messages: Notification #974 - Limited time!
Spam messages,Spam messages: Notification #975 - Don’t miss this!
Spam messages,Spam messages: Notification #976 - Check this out!
Spam messages,Spam messages: Notification #977 - FYI.
Spam messages,Spam messages: Notification #978 - FYI.
Spam messages,Spam messages: Notification #979 - Check this out!
Spam messages,Spam messages: Notification #980 - FYI.
Spam messages,Spam messages: Notification #981 - FYI.
Spam messages,Spam messages: Notification #982 - Don’t miss this!
Spam messages,Spam messages: Notification #983 - Don’t miss this!
Spam messages,Spam messages: Notification #984 - Action needed!
Spam messages,Spam messages: Notification #985 - Action needed!
Spam messages,Spam messages: Notification #986 - Limited time!
Spam messages,Spam messages: Notification #987 - Don’t miss this!
Spam messages,Spam messages: Notification #988 - Don’t miss this!
Spam messages,Spam messages: Notification #989 - Check this out!
Spam messages,Spam messages: Notification #990 - Check this out!
Spam messages,Spam messages: Notification #991 - Action needed!
Spam messages,Spam messages: Notification #992 - FYI.
Spam messages,Spam messages: Notification #993 - Check this out!
Spam messages,Spam messages: Notification #994 - Don’t miss this!
Spam messages,Spam messages: Notification #995 - Don’t miss this!
Spam messages,Spam messages: Notification #996 - Check this out!
Spam messages,Spam messages: Notification #997 - FYI.
Spam messages,Spam messages: Notification #998 - Don’t miss this!
Spam messages,Spam messages: Notification #999 - Limited time!
Spam messages,Spam messages: Notification #1000 - Check this out!
