id,category,message
1,Promotions & ads,Promotions & ads: Notification #1 - Limited time!
2,Repeated useless alerts,Repeated useless alerts: Notification #2 - FYI.
3,Random app ads,Random app ads: Notification #3 - Action needed!
4,Shopping offers,Shopping offers: Notification #4 - Don’t miss this!
5,Spam messages,Spam messages: Notification #5 - Check this out!
6,Repeated useless alerts,Repeated useless alerts: Notification #6 - Action needed!
7,Repeated useless alerts,Repeated useless alerts: Notification #7 - Check this out!
8,Shopping offers,Shopping offers: Notification #8 - Action needed!
9,Random app ads,Random app ads: Notification #9 - Don’t miss this!
10,Random app ads,Random app ads: Notification #10 - Check this out!
11,Spam messages,Spam messages: Notification #11 - Limited time!
12,Random app ads,Random app ads: Notification #12 - Check this out!
13,Promotions & ads,Promotions & ads: Notification #13 - FYI.
14,Repeated useless alerts,Repeated useless alerts: Notification #14 - Action needed!
15,Promotions & ads,Promotions & ads: Notification #15 - Check this out!
16,Repeated useless alerts,Repeated useless alerts: Notification #16 - Don’t miss this!
17,Promotions & ads,Promotions & ads: Notification #17 - Check this out!
18,Spam messages,Spam messages: Notification #18 - Don’t miss this!
19,Random app ads,Random app ads: Notification #19 - FYI.
20,Spam messages,Spam messages: Notification #20 - Limited time!
21,Promotions & ads,Promotions & ads: Notification #21 - Action needed!
22,Shopping offers,Shopping offers: Notification #22 - Check this out!
23,Promotions & ads,Promotions & ads: Notification #23 - Don’t miss this!
24,Spam messages,Spam messages: Notification #24 - Check this out!
25,Random app ads,Random app ads: Notification #25 - Check this out!
26,Random app ads,Random app ads: Notification #26 - FYI.
27,Shopping offers,Shopping offers: Notification #27 - Don’t miss this!
28,Repeated useless alerts,Repeated useless alerts: Notification #28 - Limited time!
29,Random app ads,Random app ads: Notification #29 - Don’t miss this!
30,Random app ads,Random app ads: Notification #30 - Action needed!
31,Spam messages,Spam messages: Notification #31 - Limited time!
32,Promotions & ads,Promotions & ads: Notification #32 - Action needed!
33,Random app ads,Random app ads: Notification #33 - Action needed!
34,Promotions & ads,Promotions & ads: Notification #34 - Limited time!
35,Spam messages,Spam messages: Notification #35 - Don’t miss this!
36,Promotions & ads,Promotions & ads: Notification #36 - Don’t miss this!
37,Random app ads,Random app ads: Notification #37 - FYI.
38,Random app ads,Random app ads: Notification #38 - Don’t miss this!
39,Repeated useless alerts,Repeated useless alerts: Notification #39 - Limited time!
40,Promotions & ads,Promotions & ads: Notification #40 - Check this out!
41,Shopping offers,Shopping offers: Notification #41 - FYI.
42,Random app ads,Random app ads: Notification #42 - Don’t miss this!
43,Repeated useless alerts,Repeated useless alerts: Notification #43 - Action needed!
44,Spam messages,Spam messages: Notification #44 - Limited time!
45,Shopping offers,Shopping offers: Notification #45 - Limited time!
46,Spam messages,Spam messages: Notification #46 - Check this out!
47,Repeated useless alerts,Repeated useless alerts: Notification #47 - FYI.
48,Repeated useless alerts,Repeated useless alerts: Notification #48 - Action needed!
49,Random app ads,Random app ads: Notification #49 - Check this out!
50,Random app ads,Random app ads: Notification #50 - Check this out!
51,Spam messages,Spam messages: Notification #51 - Limited time!
52,Repeated useless alerts,Repeated useless alerts: Notification #52 - Don’t miss this!
53,Random app ads,Random app ads: Notification #53 - Action needed!
54,Spam messages,Spam messages: Notification #54 - Limited time!
55,Promotions & ads,Promotions & ads: Notification #55 - Check this out!
56,Shopping offers,Shopping offers: Notification #56 - Action needed!
57,Repeated useless alerts,Repeated useless alerts: Notification #57 - Don’t miss this!
58,Random app ads,Random app ads: Notification #58 - Don’t miss this!
59,Shopping offers,Shopping offers: Notification #59 - Action needed!
60,Repeated useless alerts,Repeated useless alerts: Notification #60 - Limited time!
61,Promotions & ads,Promotions & ads: Notification #61 - Don’t miss this!
62,Repeated useless alerts,Repeated useless alerts: Notification #62 - Don’t miss this!
63,Promotions & ads,Promotions & ads: Notification #63 - Check this out!
64,Promotions & ads,Promotions & ads: Notification #64 - Action needed!
65,Promotions & ads,Promotions & ads: Notification #65 - Limited time!
66,Shopping offers,Shopping offers: Notification #66 - Don’t miss this!
67,Spam messages,Spam messages: Notification #67 - Don’t miss this!
68,Promotions & ads,Promotions & ads: Notification #68 - Limited time!
69,Shopping offers,Shopping offers: Notification #69 - Don’t miss this!
70,Spam messages,Spam messages: Notification #70 - Limited time!
71,Promotions & ads,Promotions & ads: Notification #71 - Limited time!
72,Shopping offers,Shopping offers: Notification #72 - Limited time!
73,Promotions & ads,Promotions & ads: Notification #73 - Don’t miss this!
74,Random app ads,Random app ads: Notification #74 - Limited time!
75,Shopping offers,Shopping offers: Notification #75 - FYI.
76,Random app ads,Random app ads: Notification #76 - Check this out!
77,Spam messages,Spam messages: Notification #77 - FYI.
78,Repeated useless alerts,Repeated useless alerts: Notification #78 - Limited time!
79,Promotions & ads,Promotions & ads: Notification #79 - FYI.
80,Spam messages,Spam messages: Notification #80 - FYI.
81,Promotions & ads,Promotions & ads: Notification #81 - Don’t miss this!
82,Repeated useless alerts,Repeated useless alerts: Notification #82 - Limited time!
83,Shopping offers,Shopping offers: Notification #83 - Action needed!
84,Promotions & ads,Promotions & ads: Notification #84 - Check this out!
85,Random app ads,Random app ads: Notification #85 - Limited time!
86,Promotions & ads,Promotions & ads: Notification #86 - Don’t miss this!
87,Repeated useless alerts,Repeated useless alerts: Notification #87 - FYI.
88,Shopping offers,Shopping offers: Notification #88 - FYI.
89,Promotions & ads,Promotions & ads: Notification #89 - FYI.
90,Spam messages,Spam messages: Notification #90 - Check this out!
91,Repeated useless alerts,Repeated useless alerts: Notification #91 - Don’t miss this!
92,Random app ads,Random app ads: Notification #92 - Check this out!
93,Promotions & ads,Promotions & ads: Notification #93 - Don’t miss this!
94,Promotions & ads,Promotions & ads: Notification #94 - Check this out!
95,Repeated useless alerts,Repeated useless alerts: Notification #95 - Don’t miss this!
96,Shopping offers,Shopping offers: Notification #96 - Check this out!
97,Random app ads,Random app ads: Notification #97 - Limited time!
98,Spam messages,Spam messages: Notification #98 - FYI.
99,Random app ads,Random app ads: Notification #99 - Action needed!
100,Promotions & ads,Promotions & ads: Notification #100 - Don’t miss this!
101,Spam messages,Spam messages: Notification #101 - Don’t miss this!
102,Shopping offers,Shopping offers: Notification #102 - Check this out!
103,Spam messages,Spam messages: Notification #103 - Check this out!
104,Shopping offers,Shopping offers: Notification #104 - FYI.
105,Random app ads,Random app ads: Notification #105 - Action needed!
106,Random app ads,Random app ads: Notification #106 - Limited time!
107,Shopping offers,Shopping offers: Notification #107 - Limited time!
108,Promotions & ads,Promotions & ads: Notification #108 - Check this out!
109,Spam messages,Spam messages: Notification #109 - FYI.
110,Spam messages,Spam messages: Notification #110 - Don’t miss this!
111,Shopping offers,Shopping offers: Notification #111 - Action needed!
112,Spam messages,Spam messages: Notification #112 - Don’t miss this!
113,Shopping offers,Shopping offers: Notification #113 - Limited time!
114,Shopping offers,Shopping offers: Notification #114 - Limited time!
115,Shopping offers,Shopping offers: Notification #115 - Don’t miss this!
116,Random app ads,Random app ads: Notification #116 - Limited time!
117,Repeated useless alerts,Repeated useless alerts: Notification #117 - FYI.
118,Random app ads,Random app ads: Notification #118 - Action needed!
119,Shopping offers,Shopping offers: Notification #119 - Action needed!
120,Spam messages,Spam messages: Notification #120 - FYI.
121,Random app ads,Random app ads: Notification #121 - Limited time!
122,Promotions & ads,Promotions & ads: Notification #122 - Don’t miss this!
123,Spam messages,Spam messages: Notification #123 - Check this out!
124,Shopping offers,Shopping offers: Notification #124 - FYI.
125,Shopping offers,Shopping offers: Notification #125 - FYI.
126,Shopping offers,Shopping offers: Notification #126 - Don’t miss this!
127,Shopping offers,Shopping offers: Notification #127 - Don’t miss this!
128,Repeated useless alerts,Repeated useless alerts: Notification #128 - Don’t miss this!
129,Spam messages,Spam messages: Notification #129 - Check this out!
130,Promotions & ads,Promotions & ads: Notification #130 - FYI.
131,Shopping offers,Shopping offers: Notification #131 - FYI.
132,Repeated useless alerts,Repeated useless alerts: Notification #132 - Check this out!
133,Promotions & ads,Promotions & ads: Notification #133 - Don’t miss this!
134,Repeated useless alerts,Repeated useless alerts: Notification #134 - Limited time!
135,Random app ads,Random app ads: Notification #135 - Action needed!
136,Random app ads,Random app ads: Notification #136 - Don’t miss this!
137,Repeated useless alerts,Repeated useless alerts: Notification #137 - Don’t miss this!
138,Repeated useless alerts,Repeated useless alerts: Notification #138 - Check this out!
139,Spam messages,Spam messages: Notification #139 - FYI.
140,Repeated useless alerts,Repeated useless alerts: Notification #140 - Action needed!
141,Random app ads,Random app ads: Notification #141 - Action needed!
142,Repeated useless alerts,Repeated useless alerts: Notification #142 - Limited time!
143,Promotions & ads,Promotions & ads: Notification #143 - FYI.
144,Repeated useless alerts,Repeated useless alerts: Notification #144 - Limited time!
145,Shopping offers,Shopping offers: Notification #145 - Action needed!
146,Repeated useless alerts,Repeated useless alerts: Notification #146 - FYI.
147,Repeated useless alerts,Repeated useless alerts: Notification #147 - FYI.
148,Shopping offers,Shopping offers: Notification #148 - Action needed!
149,Spam messages,Spam messages: Notification #149 - FYI.
150,Promotions & ads,Promotions & ads: Notification #150 - Limited time!
151,Promotions & ads,Promotions & ads: Notification #151 - Limited time!
152,Spam messages,Spam messages: Notification #152 - FYI.
153,Promotions & ads,Promotions & ads: Notification #153 - Don’t miss this!
154,Repeated useless alerts,Repeated useless alerts: Notification #154 - Don’t miss this!
155,Repeated useless alerts,Repeated useless alerts: Notification #155 - Action needed!
156,Repeated useless alerts,Repeated useless alerts: Notification #156 - Don’t miss this!
157,Promotions & ads,Promotions & ads: Notification #157 - Check this out!
158,Spam messages,Spam messages: Notification #158 - Check this out!
159,Random app ads,Random app ads: Notification #159 - FYI.
160,Repeated useless alerts,Repeated useless alerts: Notification #160 - FYI.
161,Random app ads,Random app ads: Notification #161 - FYI.
162,Shopping offers,Shopping offers: Notification #162 - Check this out!
163,Repeated useless alerts,Repeated useless alerts: Notification #163 - Action needed!
164,Promotions & ads,Promotions & ads: Notification #164 - FYI.
165,Spam messages,Spam messages: Notification #165 - Limited time!
166,Spam messages,Spam messages: Notification #166 - Limited time!
167,Random app ads,Random app ads: Notification #167 - FYI.
168,Shopping offers,Shopping offers: Notification #168 - Don’t miss this!
169,Spam messages,Spam messages: Notification #169 - FYI.
170,Random app ads,Random app ads: Notification #170 - Limited time!
171,Spam messages,Spam messages: Notification #171 - Don’t miss this!
172,Spam messages,Spam messages: Notification #172 - Check this out!
173,Random app ads,Random app ads: Notification #173 - FYI.
174,Promotions & ads,Promotions & ads: Notification #174 - FYI.
175,Random app ads,Random app ads: Notification #175 - FYI.
176,Random app ads,Random app ads: Notification #176 - FYI.
177,Promotions & ads,Promotions & ads: Notification #177 - Limited time!
178,Repeated useless alerts,Repeated useless alerts: Notification #178 - Check this out!
179,Random app ads,Random app ads: Notification #179 - Check this out!
180,Spam messages,Spam messages: Notification #180 - Action needed!
181,Promotions & ads,Promotions & ads: Notification #181 - FYI.
182,Shopping offers,Shopping offers: Notification #182 - Limited time!
183,Random app ads,Random app ads: Notification #183 - Limited time!
184,Random app ads,Random app ads: Notification #184 - Limited time!
185,Shopping offers,Shopping offers: Notification #185 - Check this out!
186,Random app ads,Random app ads: Notification #186 - Check this out!
187,Repeated useless alerts,Repeated useless alerts: Notification #187 - Action needed!
188,Repeated useless alerts,Repeated useless alerts: Notification #188 - Action needed!
189,Promotions & ads,Promotions & ads: Notification #189 - FYI.
190,Shopping offers,Shopping offers: Notification #190 - Action needed!
191,Promotions & ads,Promotions & ads: Notification #191 - FYI.
192,Shopping offers,Shopping offers: Notification #192 - FYI.
193,Shopping offers,Shopping offers: Notification #193 - Check this out!
194,Repeated useless alerts,Repeated useless alerts: Notification #194 - Action needed!
195,Random app ads,Random app ads: Notification #195 - Action needed!
196,Random app ads,Random app ads: Notification #196 - Check this out!
197,Spam messages,Spam messages: Notification #197 - Check this out!
198,Random app ads,Random app ads: Notification #198 - FYI.
199,Shopping offers,Shopping offers: Notification #199 - Limited time!
200,Repeated useless alerts,Repeated useless alerts: Notification #200 - Limited time!
201,Random app ads,Random app ads: Notification #201 - Action needed!
202,Random app ads,Random app ads: Notification #202 - FYI.
203,Spam messages,Spam messages: Notification #203 - Action needed!
204,Repeated useless alerts,Repeated useless alerts: Notification #204 - Action needed!
205,Promotions & ads,Promotions & ads: Notification #205 - Don’t miss this!
206,Repeated useless alerts,Repeated useless alerts: Notification #206 - Action needed!
207,Promotions & ads,Promotions & ads: Notification #207 - Action needed!
208,Spam messages,Spam messages: Notification #208 - Check this out!
209,Spam messages,Spam messages: Notification #209 - Limited time!
210,Random app ads,Random app ads: Notification #210 - FYI.
211,Spam messages,Spam messages: Notification #211 - FYI.
212,Random app ads,Random app ads: Notification #212 - Check this out!
213,Repeated useless alerts,Repeated useless alerts: Notification #213 - Action needed!
214,Promotions & ads,Promotions & ads: Notification #214 - Limited time!
215,Spam messages,Spam messages: Notification #215 - Limited time!
216,Repeated useless alerts,Repeated useless alerts: Notification #216 - Action needed!
217,Random app ads,Random app ads: Notification #217 - Action needed!
218,Random app ads,Random app ads: Notification #218 - Check this out!
219,Random app ads,Random app ads: Notification #219 - Limited time!
220,Shopping offers,Shopping offers: Notification #220 - Don’t miss this!
221,Shopping offers,Shopping offers: Notification #221 - Check this out!
222,Promotions & ads,Promotions & ads: Notification #222 - Limited time!
223,Repeated useless alerts,Repeated useless alerts: Notification #223 - Don’t miss this!
224,Shopping offers,Shopping offers: Notification #224 - Check this out!
225,Spam messages,Spam messages: Notification #225 - Check this out!
226,Random app ads,Random app ads: Notification #226 - Action needed!
227,Spam messages,Spam messages: Notification #227 - Action needed!
228,Spam messages,Spam messages: Notification #228 - Don’t miss this!
229,Shopping offers,Shopping offers: Notification #229 - FYI.
230,Promotions & ads,Promotions & ads: Notification #230 - Don’t miss this!
231,Repeated useless alerts,Repeated useless alerts: Notification #231 - FYI.
232,Repeated useless alerts,Repeated useless alerts: Notification #232 - FYI.
233,Spam messages,Spam messages: Notification #233 - Limited time!
234,Spam messages,Spam messages: Notification #234 - Check this out!
235,Promotions & ads,Promotions & ads: Notification #235 - Don’t miss this!
236,Random app ads,Random app ads: Notification #236 - FYI.
237,Shopping offers,Shopping offers: Notification #237 - Check this out!
238,Random app ads,Random app ads: Notification #238 - Don’t miss this!
239,Random app ads,Random app ads: Notification #239 - Don’t miss this!
240,Repeated useless alerts,Repeated useless alerts: Notification #240 - FYI.
241,Promotions & ads,Promotions & ads: Notification #241 - Limited time!
242,Random app ads,Random app ads: Notification #242 - Limited time!
243,Shopping offers,Shopping offers: Notification #243 - Check this out!
244,Shopping offers,Shopping offers: Notification #244 - Don’t miss this!
245,Random app ads,Random app ads: Notification #245 - Don’t miss this!
246,Shopping offers,Shopping offers: Notification #246 - Action needed!
247,Shopping offers,Shopping offers: Notification #247 - Don’t miss this!
248,Repeated useless alerts,Repeated useless alerts: Notification #248 - FYI.
249,Spam messages,Spam messages: Notification #249 - Don’t miss this!
250,Spam messages,Spam messages: Notification #250 - Limited time!
251,Random app ads,Random app ads: Notification #251 - FYI.
252,Repeated useless alerts,Repeated useless alerts: Notification #252 - Limited time!
253,Repeated useless alerts,Repeated useless alerts: Notification #253 - Action needed!
254,Repeated useless alerts,Repeated useless alerts: Notification #254 - Check this out!
255,Shopping offers,Shopping offers: Notification #255 - Don’t miss this!
256,Shopping offers,Shopping offers: Notification #256 - Action needed!
257,Promotions & ads,Promotions & ads: Notification #257 - FYI.
258,Shopping offers,Shopping offers: Notification #258 - Check this out!
259,Shopping offers,Shopping offers: Notification #259 - Check this out!
260,Repeated useless alerts,Repeated useless alerts: Notification #260 - Check this out!
261,Random app ads,Random app ads: Notification #261 - FYI.
262,Spam messages,Spam messages: Notification #262 - Action needed!
263,Promotions & ads,Promotions & ads: Notification #263 - Don’t miss this!
264,Promotions & ads,Promotions & ads: Notification #264 - Don’t miss this!
265,Shopping offers,Shopping offers: Notification #265 - Don’t miss this!
266,Shopping offers,Shopping offers: Notification #266 - Action needed!
267,Random app ads,Random app ads: Notification #267 - FYI.
268,Repeated useless alerts,Repeated useless alerts: Notification #268 - Action needed!
269,Random app ads,Random app ads: Notification #269 - Limited time!
270,Promotions & ads,Promotions & ads: Notification #270 - Check this out!
271,Promotions & ads,Promotions & ads: Notification #271 - Action needed!
272,Shopping offers,Shopping offers: Notification #272 - Action needed!
273,Spam messages,Spam messages: Notification #273 - Don’t miss this!
274,Spam messages,Spam messages: Notification #274 - Action needed!
275,Repeated useless alerts,Repeated useless alerts: Notification #275 - Action needed!
276,Spam messages,Spam messages: Notification #276 - Don’t miss this!
277,Repeated useless alerts,Repeated useless alerts: Notification #277 - Action needed!
278,Promotions & ads,Promotions & ads: Notification #278 - Check this out!
279,Random app ads,Random app ads: Notification #279 - FYI.
280,Repeated useless alerts,Repeated useless alerts: Notification #280 - Check this out!
281,Spam messages,Spam messages: Notification #281 - FYI.
282,Random app ads,Random app ads: Notification #282 - Don’t miss this!
283,Shopping offers,Shopping offers: Notification #283 - Action needed!
284,Spam messages,Spam messages: Notification #284 - FYI.
285,Spam messages,Spam messages: Notification #285 - Action needed!
286,Promotions & ads,Promotions & ads: Notification #286 - Limited time!
287,Repeated useless alerts,Repeated useless alerts: Notification #287 - Check this out!
288,Repeated useless alerts,Repeated useless alerts: Notification #288 - Action needed!
289,Repeated useless alerts,Repeated useless alerts: Notification #289 - Limited time!
290,Repeated useless alerts,Repeated useless alerts: Notification #290 - FYI.
291,Spam messages,Spam messages: Notification #291 - FYI.
292,Random app ads,Random app ads: Notification #292 - Limited time!
293,Shopping offers,Shopping offers: Notification #293 - Action needed!
294,Random app ads,Random app ads: Notification #294 - FYI.
295,Shopping offers,Shopping offers: Notification #295 - Check this out!
296,Shopping offers,Shopping offers: Notification #296 - FYI.
297,Shopping offers,Shopping offers: Notification #297 - Check this out!
298,Repeated useless alerts,Repeated useless alerts: Notification #298 - Action needed!
299,Shopping offers,Shopping offers: Notification #299 - Check this out!
300,Promotions & ads,Promotions & ads: Notification #300 - Don’t miss this!
301,Shopping offers,Shopping offers: Notification #301 - Limited time!
302,Random app ads,Random app ads: Notification #302 - Check this out!
303,Spam messages,Spam messages: Notification #303 - FYI.
304,Random app ads,Random app ads: Notification #304 - Don’t miss this!
305,Promotions & ads,Promotions & ads: Notification #305 - Check this out!
306,Random app ads,Random app ads: Notification #306 - Check this out!
307,Spam messages,Spam messages: Notification #307 - FYI.
308,Shopping offers,Shopping offers: Notification #308 - FYI.
309,Random app ads,Random app ads: Notification #309 - Limited time!
310,Promotions & ads,Promotions & ads: Notification #310 - Check this out!
311,Repeated useless alerts,Repeated useless alerts: Notification #311 - Limited time!
312,Random app ads,Random app ads: Notification #312 - Check this out!
313,Random app ads,Random app ads: Notification #313 - FYI.
314,Repeated useless alerts,Repeated useless alerts: Notification #314 - FYI.
315,Spam messages,Spam messages: Notification #315 - Check this out!
316,Promotions & ads,Promotions & ads: Notification #316 - Don’t miss this!
317,Repeated useless alerts,Repeated useless alerts: Notification #317 - Don’t miss this!
318,Spam messages,Spam messages: Notification #318 - Action needed!
319,Random app ads,Random app ads: Notification #319 - FYI.
320,Random app ads,Random app ads: Notification #320 - Limited time!
321,Promotions & ads,Promotions & ads: Notification #321 - Don’t miss this!
322,Random app ads,Random app ads: Notification #322 - Don’t miss this!
323,Shopping offers,Shopping offers: Notification #323 - Action needed!
324,Shopping offers,Shopping offers: Notification #324 - Check this out!
325,Promotions & ads,Promotions & ads: Notification #325 - Check this out!
326,Random app ads,Random app ads: Notification #326 - Limited time!
327,Repeated useless alerts,Repeated useless alerts: Notification #327 - FYI.
328,Repeated useless alerts,Repeated useless alerts: Notification #328 - Action needed!
329,Repeated useless alerts,Repeated useless alerts: Notification #329 - FYI.
330,Repeated useless alerts,Repeated useless alerts: Notification #330 - Check this out!
331,Shopping offers,Shopping offers: Notification #331 - Check this out!
332,Promotions & ads,Promotions & ads: Notification #332 - Limited time!
333,Promotions & ads,Promotions & ads: Notification #333 - Action needed!
334,Repeated useless alerts,Repeated useless alerts: Notification #334 - Limited time!
335,Shopping offers,Shopping offers: Notification #335 - Limited time!
336,Shopping offers,Shopping offers: Notification #336 - Limited time!
337,Promotions & ads,Promotions & ads: Notification #337 - Check this out!
338,Promotions & ads,Promotions & ads: Notification #338 - Check this out!
339,Random app ads,Random app ads: Notification #339 - Action needed!
340,Shopping offers,Shopping offers: Notification #340 - Don’t miss this!
341,Random app ads,Random app ads: Notification #341 - Check this out!
342,Spam messages,Spam messages: Notification #342 - Don’t miss this!
343,Promotions & ads,Promotions & ads: Notification #343 - Don’t miss this!
344,Random app ads,Random app ads: Notification #344 - FYI.
345,Repeated useless alerts,Repeated useless alerts: Notification #345 - Limited time!
346,Repeated useless alerts,Repeated useless alerts: Notification #346 - Check this out!
347,Random app ads,Random app ads: Notification #347 - Limited time!
348,Random app ads,Random app ads: Notification #348 - Action needed!
349,Spam messages,Spam messages: Notification #349 - FYI.
350,Repeated useless alerts,Repeated useless alerts: Notification #350 - Limited time!
351,Shopping offers,Shopping offers: Notification #351 - Action needed!
352,Repeated useless alerts,Repeated useless alerts: Notification #352 - Check this out!
353,Shopping offers,Shopping offers: Notification #353 - FYI.
354,Spam messages,Spam messages: Notification #354 - Check this out!
355,Promotions & ads,Promotions & ads: Notification #355 - Limited time!
356,Random app ads,Random app ads: Notification #356 - Check this out!
357,Promotions & ads,Promotions & ads: Notification #357 - Check this out!
358,Spam messages,Spam messages: Notification #358 - Check this out!
359,Random app ads,Random app ads: Notification #359 - Don’t miss this!
360,Promotions & ads,Promotions & ads: Notification #360 - Action needed!
361,Random app ads,Random app ads: Notification #361 - Action needed!
362,Shopping offers,Shopping offers: Notification #362 - FYI.
363,Shopping offers,Shopping offers: Notification #363 - FYI.
364,Promotions & ads,Promotions & ads: Notification #364 - FYI.
365,Repeated useless alerts,Repeated useless alerts: Notification #365 - Check this out!
366,Promotions & ads,Promotions & ads: Notification #366 - Check this out!
367,Promotions & ads,Promotions & ads: Notification #367 - Don’t miss this!
368,Shopping offers,Shopping offers: Notification #368 - Check this out!
369,Random app ads,Random app ads: Notification #369 - Limited time!
370,Repeated useless alerts,Repeated useless alerts: Notification #370 - Check this out!
371,Repeated useless alerts,Repeated useless alerts: Notification #371 - Don’t miss this!
372,Shopping offers,Shopping offers: Notification #372 - Action needed!
373,Shopping offers,Shopping offers: Notification #373 - Action needed!
374,Shopping offers,Shopping offers: Notification #374 - Limited time!
375,Promotions & ads,Promotions & ads: Notification #375 - Action needed!
376,Random app ads,Random app ads: Notification #376 - Don’t miss this!
377,Spam messages,Spam messages: Notification #377 - Don’t miss this!
378,Shopping offers,Shopping offers: Notification #378 - Check this out!
379,Shopping offers,Shopping offers: Notification #379 - Limited time!
380,Promotions & ads,Promotions & ads: Notification #380 - FYI.
381,Shopping offers,Shopping offers: Notification #381 - Action needed!
382,Spam messages,Spam messages: Notification #382 - Limited time!
383,Promotions & ads,Promotions & ads: Notification #383 - Limited time!
384,Shopping offers,Shopping offers: Notification #384 - FYI.
385,Shopping offers,Shopping offers: Notification #385 - Limited time!
386,Promotions & ads,Promotions & ads: Notification #386 - Limited time!
387,Shopping offers,Shopping offers: Notification #387 - Limited time!
388,Promotions & ads,Promotions & ads: Notification #388 - FYI.
389,Shopping offers,Shopping offers: Notification #389 - Action needed!
390,Spam messages,Spam messages: Notification #390 - Don’t miss this!
391,Random app ads,Random app ads: Notification #391 - Don’t miss this!
392,Shopping offers,Shopping offers: Notification #392 - FYI.
393,Shopping offers,Shopping offers: Notification #393 - Check this out!
394,Repeated useless alerts,Repeated useless alerts: Notification #394 - Action needed!
395,Repeated useless alerts,Repeated useless alerts: Notification #395 - FYI.
396,Random app ads,Random app ads: Notification #396 - Action needed!
397,Promotions & ads,Promotions & ads: Notification #397 - Don’t miss this!
398,Promotions & ads,Promotions & ads: Notification #398 - Don’t miss this!
399,Promotions & ads,Promotions & ads: Notification #399 - Action needed!
400,Shopping offers,Shopping offers: Notification #400 - Don’t miss this!
401,Promotions & ads,Promotions & ads: Notification #401 - Action needed!
402,Shopping offers,Shopping offers: Notification #402 - Action needed!
403,Random app ads,Random app ads: Notification #403 - Check this out!
404,Shopping offers,Shopping offers: Notification #404 - FYI.
405,Shopping offers,Shopping offers: Notification #405 - Check this out!
406,Repeated useless alerts,Repeated useless alerts: Notification #406 - Limited time!
407,Repeated useless alerts,Repeated useless alerts: Notification #407 - Limited time!
408,Spam messages,Spam messages: Notification #408 - Action needed!
409,Random app ads,Random app ads: Notification #409 - FYI.
410,Repeated useless alerts,Repeated useless alerts: Notification #410 - Don’t miss this!
411,Promotions & ads,Promotions & ads: Notification #411 - FYI.
412,Repeated useless alerts,Repeated useless alerts: Notification #412 - Action needed!
413,Spam messages,Spam messages: Notification #413 - Don’t miss this!
414,Repeated useless alerts,Repeated useless alerts: Notification #414 - Limited time!
415,Shopping offers,Shopping offers: Notification #415 - Action needed!
416,Random app ads,Random app ads: Notification #416 - Don’t miss this!
417,Random app ads,Random app ads: Notification #417 - FYI.
418,Spam messages,Spam messages: Notification #418 - Check this out!
419,Random app ads,Random app ads: Notification #419 - Check this out!
420,Repeated useless alerts,Repeated useless alerts: Notification #420 - FYI.
421,Promotions & ads,Promotions & ads: Notification #421 - Limited time!
422,Spam messages,Spam messages: Notification #422 - Action needed!
423,Random app ads,Random app ads: Notification #423 - Check this out!
424,Spam messages,Spam messages: Notification #424 - Check this out!
425,Promotions & ads,Promotions & ads: Notification #425 - Limited time!
426,Shopping offers,Shopping offers: Notification #426 - Action needed!
427,Promotions & ads,Promotions & ads: Notification #427 - FYI.
428,Random app ads,Random app ads: Notification #428 - Limited time!
429,Random app ads,Random app ads: Notification #429 - Action needed!
430,Shopping offers,Shopping offers: Notification #430 - FYI.
431,Shopping offers,Shopping offers: Notification #431 - Limited time!
432,Shopping offers,Shopping offers: Notification #432 - Check this out!
433,Spam messages,Spam messages: Notification #433 - Don’t miss this!
434,Promotions & ads,Promotions & ads: Notification #434 - Limited time!
435,Spam messages,Spam messages: Notification #435 - Check this out!
436,Repeated useless alerts,Repeated useless alerts: Notification #436 - Check this out!
437,Shopping offers,Shopping offers: Notification #437 - Limited time!
438,Promotions & ads,Promotions & ads: Notification #438 - FYI.
439,Promotions & ads,Promotions & ads: Notification #439 - Check this out!
440,Shopping offers,Shopping offers: Notification #440 - Limited time!
441,Promotions & ads,Promotions & ads: Notification #441 - Check this out!
442,Spam messages,Spam messages: Notification #442 - Check this out!
443,Shopping offers,Shopping offers: Notification #443 - Check this out!
444,Spam messages,Spam messages: Notification #444 - Limited time!
445,Spam messages,Spam messages: Notification #445 - Limited time!
446,Random app ads,Random app ads: Notification #446 - Check this out!
447,Random app ads,Random app ads: Notification #447 - Don’t miss this!
448,Spam messages,Spam messages: Notification #448 - Check this out!
449,Spam messages,Spam messages: Notification #449 - FYI.
450,Spam messages,Spam messages: Notification #450 - Limited time!
451,Promotions & ads,Promotions & ads: Notification #451 - Don’t miss this!
452,Random app ads,Random app ads: Notification #452 - Limited time!
453,Repeated useless alerts,Repeated useless alerts: Notification #453 - FYI.
454,Promotions & ads,Promotions & ads: Notification #454 - Check this out!
455,Spam messages,Spam messages: Notification #455 - Don’t miss this!
456,Shopping offers,Shopping offers: Notification #456 - Don’t miss this!
457,Spam messages,Spam messages: Notification #457 - FYI.
458,Promotions & ads,Promotions & ads: Notification #458 - Limited time!
459,Shopping offers,Shopping offers: Notification #459 - Check this out!
460,Shopping offers,Shopping offers: Notification #460 - Check this out!
461,Shopping offers,Shopping offers: Notification #461 - Don’t miss this!
462,Shopping offers,Shopping offers: Notification #462 - Don’t miss this!
463,Repeated useless alerts,Repeated useless alerts: Notification #463 - FYI.
464,Shopping offers,Shopping offers: Notification #464 - Action needed!
465,Spam messages,Spam messages: Notification #465 - Check this out!
466,Repeated useless alerts,Repeated useless alerts: Notification #466 - Check this out!
467,Spam messages,Spam messages: Notification #467 - Action needed!
468,Promotions & ads,Promotions & ads: Notification #468 - Action needed!
469,Repeated useless alerts,Repeated useless alerts: Notification #469 - Action needed!
470,Repeated useless alerts,Repeated useless alerts: Notification #470 - FYI.
471,Spam messages,Spam messages: Notification #471 - Action needed!
472,Shopping offers,Shopping offers: Notification #472 - Action needed!
473,Spam messages,Spam messages: Notification #473 - Don’t miss this!
474,Spam messages,Spam messages: Notification #474 - Don’t miss this!
475,Random app ads,Random app ads: Notification #475 - Don’t miss this!
476,Random app ads,Random app ads: Notification #476 - Action needed!
477,Repeated useless alerts,Repeated useless alerts: Notification #477 - Check this out!
478,Promotions & ads,Promotions & ads: Notification #478 - FYI.
479,Promotions & ads,Promotions & ads: Notification #479 - Don’t miss this!
480,Promotions & ads,Promotions & ads: Notification #480 - Check this out!
481,Shopping offers,Shopping offers: Notification #481 - Don’t miss this!
482,Promotions & ads,Promotions & ads: Notification #482 - Check this out!
483,Random app ads,Random app ads: Notification #483 - Limited time!
484,Shopping offers,Shopping offers: Notification #484 - Check this out!
485,Promotions & ads,Promotions & ads: Notification #485 - Don’t miss this!
486,Random app ads,Random app ads: Notification #486 - FYI.
487,Promotions & ads,Promotions & ads: Notification #487 - Action needed!
488,Shopping offers,Shopping offers: Notification #488 - FYI.
489,Spam messages,Spam messages: Notification #489 - Action needed!
490,Repeated useless alerts,Repeated useless alerts: Notification #490 - Check this out!
491,Repeated useless alerts,Repeated useless alerts: Notification #491 - Don’t miss this!
492,Promotions & ads,Promotions & ads: Notification #492 - Don’t miss this!
493,Random app ads,Random app ads: Notification #493 - Don’t miss this!
494,Shopping offers,Shopping offers: Notification #494 - Action needed!
495,Random app ads,Random app ads: Notification #495 - Don’t miss this!
496,Shopping offers,Shopping offers: Notification #496 - FYI.
497,Spam messages,Spam messages: Notification #497 - FYI.
498,Random app ads,Random app ads: Notification #498 - Action needed!
499,Random app ads,Random app ads: Notification #499 - Action needed!
500,Spam messages,Spam messages: Notification #500 - FYI.
501,Promotions & ads,Promotions & ads: Notification #501 - FYI.
502,Promotions & ads,Promotions & ads: Notification #502 - Check this out!
503,Spam messages,Spam messages: Notification #503 - Don’t miss this!
504,Spam messages,Spam messages: Notification #504 - Don’t miss this!
505,Spam messages,Spam messages: Notification #505 - Limited time!
506,Shopping offers,Shopping offers: Notification #506 - Don’t miss this!
507,Repeated useless alerts,Repeated useless alerts: Notification #507 - Limited time!
508,Random app ads,Random app ads: Notification #508 - Check this out!
509,Repeated useless alerts,Repeated useless alerts: Notification #509 - Don’t miss this!
510,Repeated useless alerts,Repeated useless alerts: Notification #510 - FYI.
511,Promotions & ads,Promotions & ads: Notification #511 - Check this out!
512,Repeated useless alerts,Repeated useless alerts: Notification #512 - Action needed!
513,Shopping offers,Shopping offers: Notification #513 - FYI.
514,Repeated useless alerts,Repeated useless alerts: Notification #514 - Action needed!
515,Random app ads,Random app ads: Notification #515 - Don’t miss this!
516,Repeated useless alerts,Repeated useless alerts: Notification #516 - Action needed!
517,Spam messages,Spam messages: Notification #517 - Check this out!
518,Repeated useless alerts,Repeated useless alerts: Notification #518 - FYI.
519,Random app ads,Random app ads: Notification #519 - Limited time!
520,Repeated useless alerts,Repeated useless alerts: Notification #520 - Action needed!
521,Repeated useless alerts,Repeated useless alerts: Notification #521 - Check this out!
522,Promotions & ads,Promotions & ads: Notification #522 - Action needed!
523,Repeated useless alerts,Repeated useless alerts: Notification #523 - Check this out!
524,Spam messages,Spam messages: Notification #524 - Limited time!
525,Shopping offers,Shopping offers: Notification #525 - Action needed!
526,Repeated useless alerts,Repeated useless alerts: Notification #526 - Limited time!
527,Random app ads,Random app ads: Notification #527 - Action needed!
528,Promotions & ads,Promotions & ads: Notification #528 - Check this out!
529,Repeated useless alerts,Repeated useless alerts: Notification #529 - Action needed!
530,Shopping offers,Shopping offers: Notification #530 - Limited time!
531,Spam messages,Spam messages: Notification #531 - FYI.
532,Random app ads,Random app ads: Notification #532 - Action needed!
533,Shopping offers,Shopping offers: Notification #533 - Action needed!
534,Spam messages,Spam messages: Notification #534 - Check this out!
535,Spam messages,Spam messages: Notification #535 - Limited time!
536,Repeated useless alerts,Repeated useless alerts: Notification #536 - Limited time!
537,Repeated useless alerts,Repeated useless alerts: Notification #537 - FYI.
538,Random app ads,Random app ads: Notification #538 - Don’t miss this!
539,Shopping offers,Shopping offers: Notification #539 - FYI.
540,Random app ads,Random app ads: Notification #540 - Check this out!
541,Promotions & ads,Promotions & ads: Notification #541 - Limited time!
542,Promotions & ads,Promotions & ads: Notification #542 - Check this out!
543,Repeated useless alerts,Repeated useless alerts: Notification #543 - Action needed!
544,Random app ads,Random app ads: Notification #544 - Don’t miss this!
545,Repeated useless alerts,Repeated useless alerts: Notification #545 - Check this out!
546,Shopping offers,Shopping offers: Notification #546 - FYI.
547,Shopping offers,Shopping offers: Notification #547 - Check this out!
548,Promotions & ads,Promotions & ads: Notification #548 - Check this out!
549,Random app ads,Random app ads: Notification #549 - FYI.
550,Repeated useless alerts,Repeated useless alerts: Notification #550 - Don’t miss this!
551,Shopping offers,Shopping offers: Notification #551 - Limited time!
552,Spam messages,Spam messages: Notification #552 - Action needed!
553,Random app ads,Random app ads: Notification #553 - Don’t miss this!
554,Shopping offers,Shopping offers: Notification #554 - Action needed!
555,Spam messages,Spam messages: Notification #555 - Don’t miss this!
556,Spam messages,Spam messages: Notification #556 - Action needed!
557,Repeated useless alerts,Repeated useless alerts: Notification #557 - Check this out!
558,Repeated useless alerts,Repeated useless alerts: Notification #558 - Check this out!
559,Spam messages,Spam messages: Notification #559 - Action needed!
560,Promotions & ads,Promotions & ads: Notification #560 - Action needed!
561,Shopping offers,Shopping offers: Notification #561 - Check this out!
562,Shopping offers,Shopping offers: Notification #562 - Don’t miss this!
563,Repeated useless alerts,Repeated useless alerts: Notification #563 - Action needed!
564,Promotions & ads,Promotions & ads: Notification #564 - Check this out!
565,Repeated useless alerts,Repeated useless alerts: Notification #565 - Limited time!
566,Spam messages,Spam messages: Notification #566 - Check this out!
567,Spam messages,Spam messages: Notification #567 - Limited time!
568,Shopping offers,Shopping offers: Notification #568 - Limited time!
569,Random app ads,Random app ads: Notification #569 - Don’t miss this!
570,Random app ads,Random app ads: Notification #570 - Check this out!
571,Spam messages,Spam messages: Notification #571 - Action needed!
572,Promotions & ads,Promotions & ads: Notification #572 - Don’t miss this!
573,Random app ads,Random app ads: Notification #573 - Check this out!
574,Repeated useless alerts,Repeated useless alerts: Notification #574 - Action needed!
575,Shopping offers,Shopping offers: Notification #575 - Limited time!
576,Repeated useless alerts,Repeated useless alerts: Notification #576 - Action needed!
577,Spam messages,Spam messages: Notification #577 - FYI.
578,Shopping offers,Shopping offers: Notification #578 - Don’t miss this!
579,Promotions & ads,Promotions & ads: Notification #579 - Check this out!
580,Promotions & ads,Promotions & ads: Notification #580 - Check this out!
581,Shopping offers,Shopping offers: Notification #581 - Action needed!
582,Random app ads,Random app ads: Notification #582 - Check this out!
583,Repeated useless alerts,Repeated useless alerts: Notification #583 - FYI.
584,Repeated useless alerts,Repeated useless alerts: Notification #584 - Limited time!
585,Repeated useless alerts,Repeated useless alerts: Notification #585 - Action needed!
586,Spam messages,Spam messages: Notification #586 - FYI.
587,Random app ads,Random app ads: Notification #587 - Limited time!
588,Random app ads,Random app ads: Notification #588 - Action needed!
589,Spam messages,Spam messages: Notification #589 - Limited time!
590,Spam messages,Spam messages: Notification #590 - FYI.
591,Shopping offers,Shopping offers: Notification #591 - Limited time!
592,Repeated useless alerts,Repeated useless alerts: Notification #592 - Don’t miss this!
593,Promotions & ads,Promotions & ads: Notification #593 - Don’t miss this!
594,Shopping offers,Shopping offers: Notification #594 - Limited time!
595,Promotions & ads,Promotions & ads: Notification #595 - Don’t miss this!
596,Spam messages,Spam messages: Notification #596 - Don’t miss this!
597,Repeated useless alerts,Repeated useless alerts: Notification #597 - FYI.
598,Spam messages,Spam messages: Notification #598 - Check this out!
599,Random app ads,Random app ads: Notification #599 - Limited time!
600,Promotions & ads,Promotions & ads: Notification #600 - Check this out!
601,Shopping offers,Shopping offers: Notification #601 - Check this out!
602,Promotions & ads,Promotions & ads: Notification #602 - Action needed!
603,Random app ads,Random app ads: Notification #603 - FYI.
604,Repeated useless alerts,Repeated useless alerts: Notification #604 - Action needed!
605,Repeated useless alerts,Repeated useless alerts: Notification #605 - FYI.
606,Promotions & ads,Promotions & ads: Notification #606 - Action needed!
607,Repeated useless alerts,Repeated useless alerts: Notification #607 - FYI.
608,Promotions & ads,Promotions & ads: Notification #608 - Limited time!
609,Shopping offers,Shopping offers: Notification #609 - FYI.
610,Spam messages,Spam messages: Notification #610 - Action needed!
611,Spam messages,Spam messages: Notification #611 - Don’t miss this!
612,Promotions & ads,Promotions & ads: Notification #612 - FYI.
613,Random app ads,Random app ads: Notification #613 - Limited time!
614,Shopping offers,Shopping offers: Notification #614 - Limited time!
615,Promotions & ads,Promotions & ads: Notification #615 - Don’t miss this!
616,Shopping offers,Shopping offers: Notification #616 - Action needed!
617,Promotions & ads,Promotions & ads: Notification #617 - Action needed!
618,Spam messages,Spam messages: Notification #618 - Check this out!
619,Promotions & ads,Promotions & ads: Notification #619 - FYI.
620,Spam messages,Spam messages: Notification #620 - Don’t miss this!
621,Spam messages,Spam messages: Notification #621 - Check this out!
622,Random app ads,Random app ads: Notification #622 - Check this out!
623,Shopping offers,Shopping offers: Notification #623 - Limited time!
624,Shopping offers,Shopping offers: Notification #624 - Check this out!
625,Shopping offers,Shopping offers: Notification #625 - Limited time!
626,Spam messages,Spam messages: Notification #626 - Don’t miss this!
627,Shopping offers,Shopping offers: Notification #627 - Don’t miss this!
628,Repeated useless alerts,Repeated useless alerts: Notification #628 - Check this out!
629,Promotions & ads,Promotions & ads: Notification #629 - Action needed!
630,Random app ads,Random app ads: Notification #630 - Action needed!
631,Repeated useless alerts,Repeated useless alerts: Notification #631 - Limited time!
632,Repeated useless alerts,Repeated useless alerts: Notification #632 - Limited time!
633,Random app ads,Random app ads: Notification #633 - Check this out!
634,Random app ads,Random app ads: Notification #634 - Don’t miss this!
635,Repeated useless alerts,Repeated useless alerts: Notification #635 - Check this out!
636,Spam messages,Spam messages: Notification #636 - Don’t miss this!
637,Repeated useless alerts,Repeated useless alerts: Notification #637 - Check this out!
638,Repeated useless alerts,Repeated useless alerts: Notification #638 - Limited time!
639,Spam messages,Spam messages: Notification #639 - Action needed!
640,Repeated useless alerts,Repeated useless alerts: Notification #640 - Limited time!
641,Shopping offers,Shopping offers: Notification #641 - Limited time!
642,Spam messages,Spam messages: Notification #642 - FYI.
643,Repeated useless alerts,Repeated useless alerts: Notification #643 - FYI.
644,Shopping offers,Shopping offers: Notification #644 - Don’t miss this!
645,Promotions & ads,Promotions & ads: Notification #645 - Don’t miss this!
646,Random app ads,Random app ads: Notification #646 - Don’t miss this!
647,Repeated useless alerts,Repeated useless alerts: Notification #647 - Don’t miss this!
648,Spam messages,Spam messages: Notification #648 - Limited time!
649,Spam messages,Spam messages: Notification #649 - Check this out!
650,Shopping offers,Shopping offers: Notification #650 - Don’t miss this!
651,Spam messages,Spam messages: Notification #651 - Limited time!
652,Promotions & ads,Promotions & ads: Notification #652 - Don’t miss this!
653,Random app ads,Random app ads: Notification #653 - FYI.
654,Repeated useless alerts,Repeated useless alerts: Notification #654 - Check this out!
655,Repeated useless alerts,Repeated useless alerts: Notification #655 - Action needed!
656,Promotions & ads,Promotions & ads: Notification #656 - Don’t miss this!
657,Promotions & ads,Promotions & ads: Notification #657 - Limited time!
658,Repeated useless alerts,Repeated useless alerts: Notification #658 - Action needed!
659,Spam messages,Spam messages: Notification #659 - Limited time!
660,Repeated useless alerts,Repeated useless alerts: Notification #660 - Limited time!
661,Random app ads,Random app ads: Notification #661 - Limited time!
662,Promotions & ads,Promotions & ads: Notification #662 - Check this out!
663,Promotions & ads,Promotions & ads: Notification #663 - FYI.
664,Promotions & ads,Promotions & ads: Notification #664 - FYI.
665,Repeated useless alerts,Repeated useless alerts: Notification #665 - Action needed!
666,Repeated useless alerts,Repeated useless alerts: Notification #666 - FYI.
667,Shopping offers,Shopping offers: Notification #667 - Limited time!
668,Repeated useless alerts,Repeated useless alerts: Notification #668 - Check this out!
669,Spam messages,Spam messages: Notification #669 - Action needed!
670,Promotions & ads,Promotions & ads: Notification #670 - Action needed!
671,Spam messages,Spam messages: Notification #671 - Check this out!
672,Promotions & ads,Promotions & ads: Notification #672 - Limited time!
673,Shopping offers,Shopping offers: Notification #673 - Limited time!
674,Shopping offers,Shopping offers: Notification #674 - Check this out!
675,Promotions & ads,Promotions & ads: Notification #675 - Don’t miss this!
676,Shopping offers,Shopping offers: Notification #676 - Limited time!
677,Shopping offers,Shopping offers: Notification #677 - Limited time!
678,Shopping offers,Shopping offers: Notification #678 - Action needed!
679,Random app ads,Random app ads: Notification #679 - Don’t miss this!
680,Repeated useless alerts,Repeated useless alerts: Notification #680 - Check this out!
681,Promotions & ads,Promotions & ads: Notification #681 - Don’t miss this!
682,Random app ads,Random app ads: Notification #682 - Limited time!
683,Random app ads,Random app ads: Notification #683 - Action needed!
684,Repeated useless alerts,Repeated useless alerts: Notification #684 - Don’t miss this!
685,Promotions & ads,Promotions & ads: Notification #685 - Limited time!
686,Shopping offers,Shopping offers: Notification #686 - FYI.
687,Random app ads,Random app ads: Notification #687 - Action needed!
688,Shopping offers,Shopping offers: Notification #688 - Check this out!
689,Shopping offers,Shopping offers: Notification #689 - Action needed!
690,Spam messages,Spam messages: Notification #690 - Check this out!
691,Spam messages,Spam messages: Notification #691 - Limited time!
692,Spam messages,Spam messages: Notification #692 - Check this out!
693,Shopping offers,Shopping offers: Notification #693 - Action needed!
694,Repeated useless alerts,Repeated useless alerts: Notification #694 - Action needed!
695,Promotions & ads,Promotions & ads: Notification #695 - Action needed!
696,Promotions & ads,Promotions & ads: Notification #696 - Don’t miss this!
697,Spam messages,Spam messages: Notification #697 - Check this out!
698,Shopping offers,Shopping offers: Notification #698 - Don’t miss this!
699,Random app ads,Random app ads: Notification #699 - Check this out!
700,Promotions & ads,Promotions & ads: Notification #700 - Action needed!
701,Random app ads,Random app ads: Notification #701 - Don’t miss this!
702,Repeated useless alerts,Repeated useless alerts: Notification #702 - Check this out!
703,Repeated useless alerts,Repeated useless alerts: Notification #703 - Limited time!
704,Random app ads,Random app ads: Notification #704 - Limited time!
705,Repeated useless alerts,Repeated useless alerts: Notification #705 - FYI.
706,Spam messages,Spam messages: Notification #706 - Action needed!
707,Repeated useless alerts,Repeated useless alerts: Notification #707 - Check this out!
708,Spam messages,Spam messages: Notification #708 - Don’t miss this!
709,Shopping offers,Shopping offers: Notification #709 - Action needed!
710,Repeated useless alerts,Repeated useless alerts: Notification #710 - FYI.
711,Random app ads,Random app ads: Notification #711 - Don’t miss this!
712,Repeated useless alerts,Repeated useless alerts: Notification #712 - Limited time!
713,Repeated useless alerts,Repeated useless alerts: Notification #713 - Limited time!
714,Spam messages,Spam messages: Notification #714 - Action needed!
715,Random app ads,Random app ads: Notification #715 - Check this out!
716,Random app ads,Random app ads: Notification #716 - Action needed!
717,Promotions & ads,Promotions & ads: Notification #717 - FYI.
718,Repeated useless alerts,Repeated useless alerts: Notification #718 - Limited time!
719,Shopping offers,Shopping offers: Notification #719 - Limited time!
720,Promotions & ads,Promotions & ads: Notification #720 - Limited time!
721,Repeated useless alerts,Repeated useless alerts: Notification #721 - Check this out!
722,Random app ads,Random app ads: Notification #722 - Check this out!
723,Random app ads,Random app ads: Notification #723 - Check this out!
724,Repeated useless alerts,Repeated useless alerts: Notification #724 - Limited time!
725,Random app ads,Random app ads: Notification #725 - Don’t miss this!
726,Random app ads,Random app ads: Notification #726 - Don’t miss this!
727,Random app ads,Random app ads: Notification #727 - FYI.
728,Repeated useless alerts,Repeated useless alerts: Notification #728 - Check this out!
729,Promotions & ads,Promotions & ads: Notification #729 - Limited time!
730,Spam messages,Spam messages: Notification #730 - Don’t miss this!
731,Random app ads,Random app ads: Notification #731 - FYI.
732,Promotions & ads,Promotions & ads: Notification #732 - Limited time!
733,Random app ads,Random app ads: Notification #733 - Limited time!
734,Shopping offers,Shopping offers: Notification #734 - FYI.
735,Random app ads,Random app ads: Notification #735 - Don’t miss this!
736,Promotions & ads,Promotions & ads: Notification #736 - Check this out!
737,Spam messages,Spam messages: Notification #737 - Limited time!
738,Random app ads,Random app ads: Notification #738 - FYI.
739,Random app ads,Random app ads: Notification #739 - Don’t miss this!
740,Repeated useless alerts,Repeated useless alerts: Notification #740 - Don’t miss this!
741,Repeated useless alerts,Repeated useless alerts: Notification #741 - FYI.
742,Spam messages,Spam messages: Notification #742 - Limited time!
743,Repeated useless alerts,Repeated useless alerts: Notification #743 - Limited time!
744,Spam messages,Spam messages: Notification #744 - Limited time!
745,Spam messages,Spam messages: Notification #745 - Check this out!
746,Random app ads,Random app ads: Notification #746 - Action needed!
747,Random app ads,Random app ads: Notification #747 - Action needed!
748,Random app ads,Random app ads: Notification #748 - Limited time!
749,Shopping offers,Shopping offers: Notification #749 - Don’t miss this!
750,Random app ads,Random app ads: Notification #750 - Limited time!
751,Random app ads,Random app ads: Notification #751 - Action needed!
752,Repeated useless alerts,Repeated useless alerts: Notification #752 - Check this out!
753,Spam messages,Spam messages: Notification #753 - Check this out!
754,Repeated useless alerts,Repeated useless alerts: Notification #754 - Limited time!
755,Repeated useless alerts,Repeated useless alerts: Notification #755 - Don’t miss this!
756,Repeated useless alerts,Repeated useless alerts: Notification #756 - Check this out!
757,Spam messages,Spam messages: Notification #757 - Limited time!
758,Spam messages,Spam messages: Notification #758 - Limited time!
759,Spam messages,Spam messages: Notification #759 - Action needed!
760,Repeated useless alerts,Repeated useless alerts: Notification #760 - Don’t miss this!
761,Shopping offers,Shopping offers: Notification #761 - Action needed!
762,Repeated useless alerts,Repeated useless alerts: Notification #762 - Check this out!
763,Promotions & ads,Promotions & ads: Notification #763 - Action needed!
764,Random app ads,Random app ads: Notification #764 - FYI.
765,Promotions & ads,Promotions & ads: Notification #765 - Don’t miss this!
766,Shopping offers,Shopping offers: Notification #766 - Check this out!
767,Spam messages,Spam messages: Notification #767 - Check this out!
768,Spam messages,Spam messages: Notification #768 - Check this out!
769,Repeated useless alerts,Repeated useless alerts: Notification #769 - FYI.
770,Promotions & ads,Promotions & ads: Notification #770 - Action needed!
771,Random app ads,Random app ads: Notification #771 - Check this out!
772,Random app ads,Random app ads: Notification #772 - Action needed!
773,Spam messages,Spam messages: Notification #773 - FYI.
774,Promotions & ads,Promotions & ads: Notification #774 - Don’t miss this!
775,Promotions & ads,Promotions & ads: Notification #775 - Check this out!
776,Spam messages,Spam messages: Notification #776 - Check this out!
777,Promotions & ads,Promotions & ads: Notification #777 - FYI.
778,Repeated useless alerts,Repeated useless alerts: Notification #778 - Check this out!
779,Spam messages,Spam messages: Notification #779 - FYI.
780,Shopping offers,Shopping offers: Notification #780 - Limited time!
781,Spam messages,Spam messages: Notification #781 - FYI.
782,Repeated useless alerts,Repeated useless alerts: Notification #782 - Action needed!
783,Repeated useless alerts,Repeated useless alerts: Notification #783 - Don’t miss this!
784,Shopping offers,Shopping offers: Notification #784 - Limited time!
785,Promotions & ads,Promotions & ads: Notification #785 - Don’t miss this!
786,Random app ads,Random app ads: Notification #786 - Don’t miss this!
787,Promotions & ads,Promotions & ads: Notification #787 - Don’t miss this!
788,Repeated useless alerts,Repeated useless alerts: Notification #788 - Don’t miss this!
789,Shopping offers,Shopping offers: Notification #789 - Check this out!
790,Random app ads,Random app ads: Notification #790 - FYI.
791,Repeated useless alerts,Repeated useless alerts: Notification #791 - Limited time!
792,Spam messages,Spam messages: Notification #792 - Check this out!
793,Promotions & ads,Promotions & ads: Notification #793 - Don’t miss this!
794,Shopping offers,Shopping offers: Notification #794 - Check this out!
795,Shopping offers,Shopping offers: Notification #795 - Don’t miss this!
796,Repeated useless alerts,Repeated useless alerts: Notification #796 - Don’t miss this!
797,Shopping offers,Shopping offers: Notification #797 - Check this out!
798,Random app ads,Random app ads: Notification #798 - FYI.
799,Shopping offers,Shopping offers: Notification #799 - Limited time!
800,Promotions & ads,Promotions & ads: Notification #800 - Check this out!
801,Shopping offers,Shopping offers: Notification #801 - Don’t miss this!
802,Random app ads,Random app ads: Notification #802 - Check this out!
803,Shopping offers,Shopping offers: Notification #803 - Check this out!
804,Repeated useless alerts,Repeated useless alerts: Notification #804 - FYI.
805,Promotions & ads,Promotions & ads: Notification #805 - Don’t miss this!
806,Shopping offers,Shopping offers: Notification #806 - Action needed!
807,Spam messages,Spam messages: Notification #807 - Action needed!
808,Spam messages,Spam messages: Notification #808 - Limited time!
809,Repeated useless alerts,Repeated useless alerts: Notification #809 - Limited time!
810,Spam messages,Spam messages: Notification #810 - Action needed!
811,Shopping offers,Shopping offers: Notification #811 - FYI.
812,Shopping offers,Shopping offers: Notification #812 - FYI.
813,Repeated useless alerts,Repeated useless alerts: Notification #813 - Limited time!
814,Spam messages,Spam messages: Notification #814 - Don’t miss this!
815,Shopping offers,Shopping offers: Notification #815 - Limited time!
816,Shopping offers,Shopping offers: Notification #816 - Action needed!
817,Shopping offers,Shopping offers: Notification #817 - Limited time!
818,Spam messages,Spam messages: Notification #818 - Limited time!
819,Shopping offers,Shopping offers: Notification #819 - Limited time!
820,Promotions & ads,Promotions & ads: Notification #820 - FYI.
821,Shopping offers,Shopping offers: Notification #821 - FYI.
822,Spam messages,Spam messages: Notification #822 - Check this out!
823,Random app ads,Random app ads: Notification #823 - FYI.
824,Shopping offers,Shopping offers: Notification #824 - Don’t miss this!
825,Shopping offers,Shopping offers: Notification #825 - Don’t miss this!
826,Spam messages,Spam messages: Notification #826 - FYI.
827,Random app ads,Random app ads: Notification #827 - FYI.
828,Random app ads,Random app ads: Notification #828 - Limited time!
829,Spam messages,Spam messages: Notification #829 - Check this out!
830,Repeated useless alerts,Repeated useless alerts: Notification #830 - Action needed!
831,Promotions & ads,Promotions & ads: Notification #831 - Limited time!
832,Promotions & ads,Promotions & ads: Notification #832 - Check this out!
833,Promotions & ads,Promotions & ads: Notification #833 - Check this out!
834,Shopping offers,Shopping offers: Notification #834 - FYI.
835,Spam messages,Spam messages: Notification #835 - Check this out!
836,Promotions & ads,Promotions & ads: Notification #836 - Limited time!
837,Promotions & ads,Promotions & ads: Notification #837 - Limited time!
838,Shopping offers,Shopping offers: Notification #838 - Action needed!
839,Spam messages,Spam messages: Notification #839 - Don’t miss this!
840,Shopping offers,Shopping offers: Notification #840 - Check this out!
841,Shopping offers,Shopping offers: Notification #841 - Check this out!
842,Promotions & ads,Promotions & ads: Notification #842 - Limited time!
843,Shopping offers,Shopping offers: Notification #843 - Check this out!
844,Random app ads,Random app ads: Notification #844 - Don’t miss this!
845,Spam messages,Spam messages: Notification #845 - Limited time!
846,Shopping offers,Shopping offers: Notification #846 - Check this out!
847,Random app ads,Random app ads: Notification #847 - FYI.
848,Promotions & ads,Promotions & ads: Notification #848 - Don’t miss this!
849,Random app ads,Random app ads: Notification #849 - Check this out!
850,Spam messages,Spam messages: Notification #850 - Don’t miss this!
851,Random app ads,Random app ads: Notification #851 - Don’t miss this!
852,Repeated useless alerts,Repeated useless alerts: Notification #852 - FYI.
853,Shopping offers,Shopping offers: Notification #853 - Don’t miss this!
854,Promotions & ads,Promotions & ads: Notification #854 - Don’t miss this!
855,Promotions & ads,Promotions & ads: Notification #855 - Check this out!
856,Promotions & ads,Promotions & ads: Notification #856 - Limited time!
857,Random app ads,Random app ads: Notification #857 - Action needed!
858,Shopping offers,Shopping offers: Notification #858 - Limited time!
859,Shopping offers,Shopping offers: Notification #859 - Check this out!
860,Random app ads,Random app ads: Notification #860 - Check this out!
861,Promotions & ads,Promotions & ads: Notification #861 - FYI.
862,Shopping offers,Shopping offers: Notification #862 - Action needed!
863,Shopping offers,Shopping offers: Notification #863 - Check this out!
864,Shopping offers,Shopping offers: Notification #864 - Limited time!
865,Random app ads,Random app ads: Notification #865 - Don’t miss this!
866,Shopping offers,Shopping offers: Notification #866 - Don’t miss this!
867,Repeated useless alerts,Repeated useless alerts: Notification #867 - Limited time!
868,Promotions & ads,Promotions & ads: Notification #868 - Action needed!
869,Shopping offers,Shopping offers: Notification #869 - Action needed!
870,Shopping offers,Shopping offers: Notification #870 - FYI.
871,Spam messages,Spam messages: Notification #871 - Check this out!
872,Promotions & ads,Promotions & ads: Notification #872 - Don’t miss this!
873,Spam messages,Spam messages: Notification #873 - Don’t miss this!
874,Random app ads,Random app ads: Notification #874 - Limited time!
875,Promotions & ads,Promotions & ads: Notification #875 - FYI.
876,Spam messages,Spam messages: Notification #876 - Action needed!
877,Promotions & ads,Promotions & ads: Notification #877 - FYI.
878,Promotions & ads,Promotions & ads: Notification #878 - Action needed!
879,Random app ads,Random app ads: Notification #879 - Limited time!
880,Spam messages,Spam messages: Notification #880 - Check this out!
881,Promotions & ads,Promotions & ads: Notification #881 - FYI.
882,Spam messages,Spam messages: Notification #882 - Limited time!
883,Spam messages,Spam messages: Notification #883 - Action needed!
884,Repeated useless alerts,Repeated useless alerts: Notification #884 - Don’t miss this!
885,Spam messages,Spam messages: Notification #885 - Action needed!
886,Random app ads,Random app ads: Notification #886 - FYI.
887,Repeated useless alerts,Repeated useless alerts: Notification #887 - Limited time!
888,Shopping offers,Shopping offers: Notification #888 - Check this out!
889,Promotions & ads,Promotions & ads: Notification #889 - Action needed!
890,Spam messages,Spam messages: Notification #890 - FYI.
891,Repeated useless alerts,Repeated useless alerts: Notification #891 - Check this out!
892,Random app ads,Random app ads: Notification #892 - Don’t miss this!
893,Random app ads,Random app ads: Notification #893 - Limited time!
894,Spam messages,Spam messages: Notification #894 - Limited time!
895,Repeated useless alerts,Repeated useless alerts: Notification #895 - Limited time!
896,Shopping offers,Shopping offers: Notification #896 - Action needed!
897,Promotions & ads,Promotions & ads: Notification #897 - Check this out!
898,Shopping offers,Shopping offers: Notification #898 - FYI.
899,Random app ads,Random app ads: Notification #899 - Limited time!
900,Spam messages,Spam messages: Notification #900 - Limited time!
901,Promotions & ads,Promotions & ads: Notification #901 - Action needed!
902,Random app ads,Random app ads: Notification #902 - Check this out!
903,Shopping offers,Shopping offers: Notification #903 - FYI.
904,Repeated useless alerts,Repeated useless alerts: Notification #904 - Limited time!
905,Repeated useless alerts,Repeated useless alerts: Notification #905 - Action needed!
906,Spam messages,Spam messages: Notification #906 - Limited time!
907,Shopping offers,Shopping offers: Notification #907 - Limited time!
908,Random app ads,Random app ads: Notification #908 - Check this out!
909,Random app ads,Random app ads: Notification #909 - Don’t miss this!
910,Promotions & ads,Promotions & ads: Notification #910 - Check this out!
911,Random app ads,Random app ads: Notification #911 - Don’t miss this!
912,Repeated useless alerts,Repeated useless alerts: Notification #912 - Limited time!
913,Promotions & ads,Promotions & ads: Notification #913 - Don’t miss this!
914,Repeated useless alerts,Repeated useless alerts: Notification #914 - Don’t miss this!
915,Repeated useless alerts,Repeated useless alerts: Notification #915 - FYI.
916,Random app ads,Random app ads: Notification #916 - Check this out!
917,Repeated useless alerts,Repeated useless alerts: Notification #917 - FYI.
918,Shopping offers,Shopping offers: Notification #918 - Check this out!
919,Random app ads,Random app ads: Notification #919 - Limited time!
920,Spam messages,Spam messages: Notification #920 - FYI.
921,Shopping offers,Shopping offers: Notification #921 - Limited time!
922,Random app ads,Random app ads: Notification #922 - Action needed!
923,Promotions & ads,Promotions & ads: Notification #923 - Action needed!
924,Repeated useless alerts,Repeated useless alerts: Notification #924 - Action needed!
925,Promotions & ads,Promotions & ads: Notification #925 - Action needed!
926,Promotions & ads,Promotions & ads: Notification #926 - Limited time!
927,Spam messages,Spam messages: Notification #927 - FYI.
928,Promotions & ads,Promotions & ads: Notification #928 - Don’t miss this!
929,Spam messages,Spam messages: Notification #929 - Limited time!
930,Random app ads,Random app ads: Notification #930 - Check this out!
931,Spam messages,Spam messages: Notification #931 - FYI.
932,Repeated useless alerts,Repeated useless alerts: Notification #932 - Don’t miss this!
933,Repeated useless alerts,Repeated useless alerts: Notification #933 - FYI.
934,Random app ads,Random app ads: Notification #934 - FYI.
935,Promotions & ads,Promotions & ads: Notification #935 - Check this out!
936,Shopping offers,Shopping offers: Notification #936 - Limited time!
937,Promotions & ads,Promotions & ads: Notification #937 - Don’t miss this!
938,Spam messages,Spam messages: Notification #938 - FYI.
939,Repeated useless alerts,Repeated useless alerts: Notification #939 - Don’t miss this!
940,Repeated useless alerts,Repeated useless alerts: Notification #940 - FYI.
941,Promotions & ads,Promotions & ads: Notification #941 - Action needed!
942,Random app ads,Random app ads: Notification #942 - Check this out!
943,Random app ads,Random app ads: Notification #943 - Limited time!
944,Random app ads,Random app ads: Notification #944 - FYI.
945,Shopping offers,Shopping offers: Notification #945 - Check this out!
946,Repeated useless alerts,Repeated useless alerts: Notification #946 - Don’t miss this!
947,Promotions & ads,Promotions & ads: Notification #947 - Check this out!
948,Repeated useless alerts,Repeated useless alerts: Notification #948 - Limited time!
949,Repeated useless alerts,Repeated useless alerts: Notification #949 - Check this out!
950,Random app ads,Random app ads: Notification #950 - Don’t miss this!
951,Repeated useless alerts,Repeated useless alerts: Notification #951 - Check this out!
952,Random app ads,Random app ads: Notification #952 - Don’t miss this!
953,Shopping offers,Shopping offers: Notification #953 - Limited time!
954,Repeated useless alerts,Repeated useless alerts: Notification #954 - Action needed!
955,Promotions & ads,Promotions & ads: Notification #955 - Limited time!
956,Shopping offers,Shopping offers: Notification #956 - Limited time!
957,Random app ads,Random app ads: Notification #957 - Action needed!
958,Repeated useless alerts,Repeated useless alerts: Notification #958 - Limited time!
959,Repeated useless alerts,Repeated useless alerts: Notification #959 - Action needed!
960,Promotions & ads,Promotions & ads: Notification #960 - Don’t miss this!
961,Random app ads,Random app ads: Notification #961 - Action needed!
962,Spam messages,Spam messages: Notification #962 - FYI.
963,Shopping offers,Shopping offers: Notification #963 - FYI.
964,Shopping offers,Shopping offers: Notification #964 - Action needed!
965,Shopping offers,Shopping offers: Notification #965 - Don’t miss this!
966,Repeated useless alerts,Repeated useless alerts: Notification #966 - Check this out!
967,Random app ads,Random app ads: Notification #967 - Check this out!
968,Repeated useless alerts,Repeated useless alerts: Notification #968 - Don’t miss this!
969,Repeated useless alerts,Repeated useless alerts: Notification #969 - Don’t miss this!
970,Random app ads,Random app ads: Notification #970 - Don’t miss this!
971,Shopping offers,Shopping offers: Notification #971 - Limited time!
972,Random app ads,Random app ads: Notification #972 - Limited time!
973,Spam messages,Spam messages: Notification #973 - Limited time!
974,Random app ads,Random app ads: Notification #974 - FYI.
975,Random app ads,Random app ads: Notification #975 - Check this out!
976,Random app ads,Random app ads: Notification #976 - Action needed!
977,Spam messages,Spam messages: Notification #977 - Don’t miss this!
978,Spam messages,Spam messages: Notification #978 - Action needed!
979,Repeated useless alerts,Repeated useless alerts: Notification #979 - Limited time!
980,Shopping offers,Shopping offers: Notification #980 - Action needed!
981,Repeated useless alerts,Repeated useless alerts: Notification #981 - Action needed!
982,Spam messages,Spam messages: Notification #982 - FYI.
983,Repeated useless alerts,Repeated useless alerts: Notification #983 - Action needed!
984,Spam messages,Spam messages: Notification #984 - Limited time!
985,Promotions & ads,Promotions & ads: Notification #985 - Check this out!
986,Spam messages,Spam messages: Notification #986 - Don’t miss this!
987,Shopping offers,Shopping offers: Notification #987 - Check this out!
988,Repeated useless alerts,Repeated useless alerts: Notification #988 - FYI.
989,Random app ads,Random app ads: Notification #989 - Check this out!
990,Shopping offers,Shopping offers: Notification #990 - FYI.
991,Random app ads,Random app ads: Notification #991 - Action needed!
992,Shopping offers,Shopping offers: Notification #992 - Don’t miss this!
993,Repeated useless alerts,Repeated useless alerts: Notification #993 - Check this out!
994,Random app ads,Random app ads: Notification #994 - Check this out!
995,Promotions & ads,Promotions & ads: Notification #995 - FYI.
996,Random app ads,Random app ads: Notification #996 - Action needed!
997,Shopping offers,Shopping offers: Notification #997 - FYI.
998,Random app ads,Random app ads: Notification #998 - FYI.
999,Promotions & ads,Promotions & ads: Notification #999 - Don’t miss this!
1000,Promotions & ads,Promotions & ads: Notification #1000 - FYI.
